mutation_id,position,n_rows,n_contexts,n_verified_contexts,quality_tier,quality_reason_codes,target_delta_log10_eff,n_raw_rows,source_record_ids,target_source_record_ids,quarantined_record_ids
W11F,11,1,1,0,EXTENDED,MISSING_REQUIRED_FIELD,0.1934169556814849,1,234,234,
G12N,12,0,0,0,QUARANTINE,EXPRESSION_CONTRADICTION|MISSING_REQUIRED_FIELD,,1,2,,2
T13K,13,1,1,1,EXTENDED,MISSING_REQUIRED_FIELD,-2.304630754449282,2,2042|3875,3875,2042
T13S,13,5,4,4,EXTENDED,REPLICATE_STRONG_REVERSAL|REPLICATE_HIGH_SPREAD|CONTEXT_DEPENDENT_EFFECT,0.10144570688900789,5,1230|1545|1586|3355|3364,1230|1545|1586|3355|3364,
S14A,14,3,3,2,EXTENDED,WT_BASELINE_GLOBAL_ONLY|MISSING_REQUIRED_FIELD,-0.1967514220562909,3,3|3891|4073,3|3891|4073,
T15A,15,1,1,0,EXTENDED,WT_BASELINE_GLOBAL_ONLY|MISSING_REQUIRED_FIELD,0.05151635325431161,2,4|1921,4,1921
S16A,16,1,1,0,EXTENDED,WT_BASELINE_GLOBAL_ONLY|MISSING_REQUIRED_FIELD,-0.9745731273382879,1,5,5,
S16N,16,0,0,0,QUARANTINE,EXPRESSION_CONTRADICTION|MISSING_REQUIRED_FIELD,,1,6,,6
S17A,17,2,2,1,EXTENDED,WT_BASELINE_GLOBAL_ONLY|MISSING_REQUIRED_FIELD,-0.398835084468911,2,7|557,7|557,
S17E,17,1,1,0,EXTENDED,WT_BASELINE_GLOBAL_ONLY|MISSING_REQUIRED_FIELD,-0.07046870405200158,1,8,8,
Y18A,18,1,1,0,EXTENDED,WT_BASELINE_GLOBAL_ONLY|MISSING_REQUIRED_FIELD,-1.215501270276485,1,9,9,
Q19A,19,1,1,1,EXTENDED,MISSING_REQUIRED_FIELD,-3.2909054958474826,2,11|3045,3045,11
Q19C,19,0,0,0,QUARANTINE,MISSING_REQUIRED_FIELD,,1,12,,12
Q19D,19,0,0,0,QUARANTINE,MISSING_REQUIRED_FIELD,,1,3270,,3270
Q19M,19,0,0,0,QUARANTINE,MISSING_REQUIRED_FIELD,,2,1127|1177,,1127|1177
Q19P,19,0,0,0,QUARANTINE,EXPRESSION_CONTRADICTION|MISSING_REQUIRED_FIELD,,1,13,,13
Q19S,19,0,0,0,QUARANTINE,MISSING_REQUIRED_FIELD,,1,10,,10
Q19T,19,2,2,2,EXTENDED,REPLICATE_HIGH_SPREAD|CONTEXT_DEPENDENT_EFFECT|MISSING_REQUIRED_FIELD,-1.589198484158677,3,1030|1617|3442,1030|3442,1617
I20N,20,1,1,0,EXTENDED,MISSING_REQUIRED_FIELD,-1.8182704434599797,1,209,209,
E21C,21,0,0,0,QUARANTINE,EXPRESSION_CONTRADICTION|MISSING_REQUIRED_FIELD,,1,2735,,2735
E21D,21,1,1,1,CORE,,-1.4081704353129292,1,2733,2733,
E21F,21,0,0,0,QUARANTINE,EXPRESSION_CONTRADICTION|MISSING_REQUIRED_FIELD,,1,2749,,2749
E21G,21,0,0,0,QUARANTINE,EXPRESSION_CONTRADICTION|MISSING_REQUIRED_FIELD,,1,2727,,2727
E21H,21,0,0,0,QUARANTINE,EXPRESSION_CONTRADICTION|MISSING_REQUIRED_FIELD,,1,2743,,2743
E21I,21,0,0,0,QUARANTINE,EXPRESSION_CONTRADICTION|MISSING_REQUIRED_FIELD,,1,2741,,2741
E21K,21,0,0,0,QUARANTINE,EXPRESSION_CONTRADICTION|MISSING_REQUIRED_FIELD,,1,2742,,2742
E21N,21,0,0,0,QUARANTINE,EXPRESSION_CONTRADICTION|MISSING_REQUIRED_FIELD,,1,2750,,2750
E21R,21,0,0,0,QUARANTINE,EXPRESSION_CONTRADICTION|MISSING_REQUIRED_FIELD,,1,2745,,2745
E21T,21,0,0,0,QUARANTINE,EXPRESSION_CONTRADICTION|MISSING_REQUIRED_FIELD,,1,2746,,2746
E21W,21,0,0,0,QUARANTINE,EXPRESSION_CONTRADICTION|MISSING_REQUIRED_FIELD,,1,2752,,2752
E21Y,21,1,1,1,CORE,,-0.18357567432152233,1,2739,2739,
G23A,23,3,3,3,CORE,,0.08541193519897938,3,3581|3892|4071,3581|3892|4071,
D25Q,25,4,4,4,EXTENDED,WT_BASELINE_GLOBAL_ONLY,-0.17377785089904063,4,630|655|679|3452,630|655|679|3452,
E26K,26,1,1,1,CORE,,-0.19888359225139443,1,1992,1992,
S32L,32,0,0,0,QUARANTINE,EXPRESSION_CONTRADICTION|MISSING_REQUIRED_FIELD,,1,14,,14
W34A,34,0,0,0,QUARANTINE,EXPRESSION_CONTRADICTION|MISSING_REQUIRED_FIELD,,1,15,,15
D35E,35,1,1,1,CORE,,-1.564243330882989,1,919,919,
D35W,35,2,2,2,CORE,,-1.8407381268967689,2,934|3285,934|3285,
T36I,36,0,0,0,QUARANTINE,EXPRESSION_CONTRADICTION|MISSING_REQUIRED_FIELD,,1,3379,,3379
T36N,36,1,1,1,CORE,,-1.231576422349273,1,3854,3854,
F37N,37,1,1,0,EXTENDED,MISSING_REQUIRED_FIELD,-1.771412638675991,1,226,226,
C38S,38,5,5,5,CORE,,-0.0803948043423758,5,3546|3562|3571|3893|4072,3546|3562|3571|3893|4072,
I40T,40,1,1,1,CORE,,-0.07204049005650218,1,3895,3895,
P41L,41,0,0,0,QUARANTINE,MISSING_REQUIRED_FIELD,,1,2656,,2656
I45C,45,1,1,1,CORE,,0.01376019577928175,1,4487,4487,
G46C,46,1,1,0,EXTENDED,MISSING_REQUIRED_FIELD,-2.969648949856514,1,230,230,
C49S,49,1,1,1,CORE,,-0.13250472387005577,1,337,337,
V52A,52,1,1,1,CORE,,-0.5681884752684334,1,3449,3449,
V52D,52,1,1,1,EXTENDED,WT_BASELINE_GLOBAL_ONLY,-0.19019351083325464,1,1501,1501,
V52G,52,1,1,0,EXTENDED,WT_BASELINE_GLOBAL_ONLY|MISSING_REQUIRED_FIELD,-0.09304449082046526,1,16,16,
F57Y,57,2,2,2,EXTENDED,REPLICATE_HIGH_SPREAD|CONTEXT_DEPENDENT_EFFECT,-0.7000594991911967,2,2088|3896,2088|3896,
H58R,58,1,1,0,EXTENDED,MISSING_REQUIRED_FIELD,-0.10616337063293715,1,210,210,
H59A,59,1,1,1,CORE,,0.06725198797701397,1,4052,4052,
H59K,59,0,0,0,QUARANTINE,MISSING_REQUIRED_FIELD,,2,1464|1522,,1464|1522
H59R,59,5,5,4,EXTENDED,REPLICATE_STRONG_REVERSAL|REPLICATE_HIGH_SPREAD|CONTEXT_DEPENDENT_EFFECT|MISSING_REQUIRED_FIELD,0.12123329488668952,5,218|3872|3897|4320|4324,218|3872|3897|4320|4324,
K61A,61,1,1,1,CORE,,0.024253585633884304,1,1682,1682,
K61C,61,2,2,2,CORE,,0.20112953464063837,2,1661|1675,1661|1675,
K61D,61,1,1,1,CORE,,-0.21561176759604334,1,800,800,
K61E,61,1,1,1,CORE,,-0.07880799005913672,1,798,798,
K61F,61,2,2,2,EXTENDED,REPLICATE_HIGH_SPREAD|CONTEXT_DEPENDENT_EFFECT,-0.4055234968270897,2,1665|1673,1665|1673,
K61G,61,2,2,2,EXTENDED,REPLICATE_HIGH_SPREAD|CONTEXT_DEPENDENT_EFFECT,-0.4841436442491717,2,799|806,799|806,
K61H,61,1,1,1,CORE,,0.2734859939241113,1,804,804,
K61I,61,1,1,1,CORE,,0.06445198389355274,1,1685,1685,
K61L,61,1,1,1,CORE,,-0.16073869951161213,1,1680,1680,
K61M,61,1,1,1,CORE,,-0.01238862332333848,1,801,801,
K61N,61,2,2,2,CORE,,-0.08264689378042776,2,807|1677,807|1677,
K61P,61,1,1,1,CORE,,-0.12026237846732013,1,1679,1679,
K61Q,61,1,1,1,CORE,,-0.14672430954892812,1,793,793,
K61R,61,1,1,1,CORE,,0.019929513317402003,1,1674,1674,
K61S,61,4,4,4,EXTENDED,REPLICATE_STRONG_REVERSAL|CONTEXT_DEPENDENT_EFFECT,-0.04303870485711232,4,1149|1172|1662|3377,1149|1172|1662|3377,
K61V,61,1,1,1,CORE,,-1.054583016938508,1,4054,4054,
K61W,61,1,1,1,CORE,,-0.2966136943829749,1,1668,1668,
K61Y,61,1,1,1,CORE,,0.017186047395029293,1,802,802,
D63A,63,1,1,1,EXTENDED,WT_BASELINE_GLOBAL_ONLY,-2.405661195075517,1,995,995,
D63C,63,1,1,1,EXTENDED,WT_BASELINE_GLOBAL_ONLY,-3.071703145107456,1,999,999,
D63F,63,1,1,1,CORE,,-3.6361690610245145,1,950,950,
D63K,63,1,1,1,CORE,,-3.152733873102585,1,4059,4059,
D63M,63,2,2,2,CORE,,-1.6987394782332768,2,975|990,975|990,
D63N,63,1,1,1,CORE,,-1.8858083713729803,1,1027,1027,
D63P,63,0,0,0,QUARANTINE,MISSING_REQUIRED_FIELD,,1,1014,,1014
D63R,63,0,0,0,QUARANTINE,EXPRESSION_CONTRADICTION,,1,1013,,1013
D63S,63,1,1,1,CORE,,-1.493927127888866,1,1009,1009,
Q65G,65,1,1,1,CORE,,0.1909508191382581,1,4458,4458,
K68H,68,2,2,2,CORE,,0.0005267990725034213,2,1129|3451,1129|3451,
F72A,72,1,1,0,EXTENDED,WT_BASELINE_GLOBAL_ONLY|MISSING_REQUIRED_FIELD,0.035936808226116945,1,17,17,
Y75F,75,2,2,2,EXTENDED,REPLICATE_HIGH_SPREAD|CONTEXT_DEPENDENT_EFFECT,-0.7801183120490301,2,1202|3864,1202|3864,
Y75N,75,2,2,1,EXTENDED,MISSING_REQUIRED_FIELD,-0.2901824350608277,2,223|3125,223|3125,
R76A,76,0,0,0,QUARANTINE,EXPRESSION_CONTRADICTION|MISSING_REQUIRED_FIELD,,1,18,,18
R76L,76,1,1,0,EXTENDED,MISSING_REQUIRED_FIELD,-2.772315432138691,1,222,222,
R76N,76,1,1,1,CORE,,-1.847098243781371,1,4462,4462,
R76Q,76,1,1,1,CORE,,-2.729678381490047,1,1031,1031,
F77D,77,0,0,0,QUARANTINE,EXPRESSION_CONTRADICTION|MISSING_REQUIRED_FIELD,,1,1275,,1275
F77W,77,1,1,0,EXTENDED,MISSING_REQUIRED_FIELD,-2.4580882292289696,1,236,236,
S78A,78,1,1,1,CORE,,-0.759272342273572,1,2085,2085,
V79I,79,2,2,2,CORE,,-0.06567127059439318,2,621|681,621|681,
V79T,79,1,1,1,CORE,,-0.20424153850468924,1,3874,3874,
A80P,80,1,1,1,EXTENDED,EXPRESSION_CONTRADICTION|MISSING_REQUIRED_FIELD,-1.1020857740358776,3,2384|2428|3269,3269,2384|2428
A80S,80,7,7,7,EXTENDED,REPLICATE_STRONG_REVERSAL|CONTEXT_DEPENDENT_EFFECT,0.19346318712655178,7,1238|2338|3245|3277|4321|4332|4471,1238|2338|3245|3277|4321|4332|4471,
P82A,82,1,1,1,CORE,,-0.08132262942241476,1,3993,3993,
P82C,82,1,1,1,CORE,,-0.036016354250188176,1,3988,3988,
P82D,82,0,0,0,QUARANTINE,MISSING_REQUIRED_FIELD,,1,3986,,3986
P82E,82,1,1,1,CORE,,-1.6482822440582283,1,3984,3984,
P82F,82,0,0,0,QUARANTINE,MISSING_REQUIRED_FIELD,,1,3991,,3991
P82G,82,1,1,1,CORE,,-0.034041594850822754,1,3980,3980,
P82H,82,0,0,0,QUARANTINE,MISSING_REQUIRED_FIELD,,1,3979,,3979
P82K,82,0,0,0,QUARANTINE,MISSING_REQUIRED_FIELD,,1,3990,,3990
P82Q,82,0,0,0,QUARANTINE,MISSING_REQUIRED_FIELD,,1,3983,,3983
P82S,82,1,1,1,CORE,,-0.030268979789202413,1,3985,3985,
P82T,82,1,1,1,CORE,,-0.2674915140542718,1,3987,3987,
P82W,82,0,0,0,QUARANTINE,MISSING_REQUIRED_FIELD,,1,3989,,3989
A88E,88,3,3,3,CORE,,-0.013252593954638613,3,3172|3338|3423,3172|3338|3423,
A88K,88,1,1,0,EXTENDED,MISSING_REQUIRED_FIELD,-0.3397530525468219,1,202,202,
I90E,90,1,1,1,CORE,,0.02362985886522928,1,4450,4450,
I90V,90,2,2,1,EXTENDED,MISSING_REQUIRED_FIELD,0.22368782433797613,2,136|4347,136|4347,
I91A,91,2,2,2,CORE,,0.3617357966720546,2,514|1903,514|1903,
I91C,91,1,1,1,CORE,,-1.1336041478367538,1,763,763,
I91D,91,1,1,1,CORE,,-0.3932983071596212,1,515,515,
I91E,91,1,1,0,EXTENDED,WT_BASELINE_GLOBAL_ONLY|MISSING_REQUIRED_FIELD,0.08686332678652343,1,19,19,
I91G,91,1,1,1,CORE,,-0.18100143261402765,1,492,492,
I91H,91,2,2,2,CORE,,-0.021512740877299423,2,497|4414,497|4414,
I91K,91,2,2,2,EXTENDED,REPLICATE_HIGH_SPREAD|CONTEXT_DEPENDENT_EFFECT,0.5351209880856648,2,322|4488,322|4488,
I91M,91,1,1,1,CORE,,-0.08034442492963613,1,495,495,
I91N,91,1,1,1,CORE,,-0.0038587111746965965,1,491,491,
I91P,91,1,1,1,CORE,,-1.3315544582030556,1,4060,4060,
I91Q,91,1,1,1,CORE,,-0.10103205795407609,1,510,510,
I91R,91,2,2,2,EXTENDED,REPLICATE_STRONG_REVERSAL|CONTEXT_DEPENDENT_EFFECT,-0.06775119649031686,2,513|1904,513|1904,
I91S,91,1,1,1,CORE,,0.1745776649456191,1,517,517,
I91V,91,1,1,1,CORE,,-0.9614590567446497,1,518,518,
I91Y,91,1,1,1,CORE,,0.06228468278209537,1,512,512,
H101G,101,1,1,1,CORE,,-0.04631124240099815,1,4447,4447,
H101R,101,1,1,0,EXTENDED,WT_BASELINE_GLOBAL_ONLY|MISSING_REQUIRED_FIELD,-0.014544061305052971,1,20,20,
I106A,106,1,1,1,CORE,,-0.05608018275544492,1,1844,1844,
L108A,108,1,1,1,CORE,,0.23295754303192232,1,4459,4459,
L108E,108,3,3,3,CORE,,0.07944926784435041,3,1219|2099|4472,1219|2099|4472,
L108M,108,1,1,1,CORE,,0.05111016447338646,1,1122,1122,
L108N,108,1,1,1,CORE,,0.383925661675176,1,1208,1208,
L108R,108,1,1,1,CORE,,-1.252383590275191,1,4064,4064,
L108S,108,1,1,1,CORE,,-1.237564274865911,1,3096,3096,
I112E,112,1,1,1,CORE,,0.11459590908155157,1,4489,4489,
I112K,112,1,1,1,CORE,,0.1575592894086162,1,4449,4449,
M114S,114,2,2,2,CORE,,-0.6697629910814187,2,2478|3422,2478|3422,
T116I,116,3,3,3,CORE,,-0.5820433089002999,3,736|3289|3381,736|3289|3381,
T116S,116,1,1,1,CORE,,-0.20255436558311335,1,2520,2520,
L117A,117,0,0,0,QUARANTINE,MISSING_REQUIRED_FIELD,,1,4006,,4006
L117H,117,2,2,2,CORE,,-1.2069519018336812,2,4007|4010,4007|4010,
L117I,117,2,2,2,CORE,,-0.04307083892947706,2,4008|4016,4008|4016,
L117M,117,2,2,2,CORE,,-0.21420917031802908,2,4005|4011,4005|4011,
L117R,117,0,0,0,QUARANTINE,MISSING_REQUIRED_FIELD,,3,4012|4017|4043,,4012|4017|4043
L117W,117,2,2,2,CORE,,-1.6977619677677431,2,4013|4015,4013|4015,
Y118A,118,1,1,1,CORE,,-1.7684888528623037,1,3339,3339,
Y118F,118,1,1,1,EXTENDED,EXPRESSION_CONTRADICTION|MISSING_REQUIRED_FIELD,0.11259770961909732,2,1180|1587,1180,1587
Y118Q,118,1,1,1,CORE,,-2.0042549748298537,1,3904,3904,
H119A,119,1,1,0,EXTENDED,WT_BASELINE_GLOBAL_ONLY|MISSING_REQUIRED_FIELD,-1.0381487352118475,1,22,22,
H119D,119,4,4,4,EXTENDED,EXPRESSION_CONTRADICTION|REPLICATE_HIGH_SPREAD|CONTEXT_DEPENDENT_EFFECT|MISSING_REQUIRED_FIELD,-3.33114921899294,5,3445|3725|3727|3732|3813,3445|3725|3727|3732,3813
H119E,119,0,0,0,QUARANTINE,EXPRESSION_CONTRADICTION|MISSING_REQUIRED_FIELD,,1,23,,23
H119M,119,1,1,1,CORE,,-2.1863551448719973,1,440,440,
H119N,119,1,1,0,EXTENDED,WT_BASELINE_GLOBAL_ONLY|MISSING_REQUIRED_FIELD,-2.9574267229191435,1,21,21,
H119P,119,1,1,1,CORE,,-4.173043006655086,1,4056,4056,
H119Q,119,1,1,1,CORE,,-1.5089485524262716,1,1120,1120,
H119T,119,2,2,1,EXTENDED,MISSING_REQUIRED_FIELD,-2.6429983097369423,2,216|3218,216|3218,
H119V,119,1,1,1,CORE,,-2.741766172139715,1,746,746,
W120A,120,0,0,0,QUARANTINE,EXPRESSION_CONTRADICTION|MISSING_REQUIRED_FIELD,,1,26,,26
W120D,120,3,3,2,EXTENDED,REPLICATE_HIGH_SPREAD|CONTEXT_DEPENDENT_EFFECT|MISSING_REQUIRED_FIELD,-1.597011128950276,3,179|3738|3740,179|3738|3740,
W120E,120,2,2,2,EXTENDED,REPLICATE_HIGH_SPREAD|CONTEXT_DEPENDENT_EFFECT,-2.5945887921651023,2,3121|3246,3121|3246,
W120F,120,1,1,0,EXTENDED,WT_BASELINE_GLOBAL_ONLY|MISSING_REQUIRED_FIELD,-0.5449972743837769,1,25,25,
W120G,120,1,1,0,EXTENDED,MISSING_REQUIRED_FIELD,-3.0126846913310623,1,144,144,
W120H,120,1,1,0,EXTENDED,WT_BASELINE_GLOBAL_ONLY|MISSING_REQUIRED_FIELD,-2.036681621058073,1,24,24,
W120K,120,1,1,0,EXTENDED,MISSING_REQUIRED_FIELD,-3.618101186917156,1,149,149,
W120L,120,1,1,1,CORE,,-1.414300485567965,1,546,546,
W120M,120,1,1,1,CORE,,-1.440508577723765,1,2087,2087,
W120N,120,2,2,2,EXTENDED,REPLICATE_HIGH_SPREAD|CONTEXT_DEPENDENT_EFFECT,-1.6233661845515988,2,549|1195,549|1195,
W120P,120,0,0,0,QUARANTINE,EXPRESSION_CONTRADICTION|MISSING_REQUIRED_FIELD,,1,3271,,3271
W120Q,120,1,1,0,EXTENDED,MISSING_REQUIRED_FIELD,-2.7216751475383667,1,164,164,
W120S,120,2,2,2,CORE,,-2.802948036606031,2,3260|3489,3260|3489,
W120T,120,2,2,2,EXTENDED,REPLICATE_HIGH_SPREAD|CONTEXT_DEPENDENT_EFFECT,-2.586890553080916,2,1197|4460,1197|4460,
W120Y,120,2,2,2,EXTENDED,REPLICATE_HIGH_SPREAD|CONTEXT_DEPENDENT_EFFECT,-2.1748905132217606,2,525|2036,525|2036,
D121F,121,0,0,0,QUARANTINE,EXPRESSION_CONTRADICTION|MISSING_REQUIRED_FIELD,,1,27,,27
D121Q,121,1,1,1,CORE,,-1.8713229992949294,1,3907,3907,
L122Q,122,3,3,3,EXTENDED,REPLICATE_HIGH_SPREAD|CONTEXT_DEPENDENT_EFFECT,0.0897458620153929,3,3552|3574|3908,3552|3574|3908,
P123D,123,0,0,0,QUARANTINE,EXPRESSION_CONTRADICTION|MISSING_REQUIRED_FIELD,,2,3570|3909,,3570|3909
Q124D,124,1,1,1,CORE,,-0.25980135571592117,1,1369,1369,
Q124G,124,1,1,1,EXTENDED,WT_BASELINE_GLOBAL_ONLY,-0.8644994948077903,1,1632,1632,
Q124I,124,1,1,1,CORE,,-0.46389330324308786,1,1260,1260,
Q124P,124,2,2,2,CORE,,-0.05426392233861861,2,1290|1642,1290|1642,
Q124S,124,1,1,1,CORE,,-0.2711389141869741,1,1725,1725,
Q124T,124,2,2,2,EXTENDED,WT_BASELINE_GLOBAL_ONLY,-0.4258346689521967,2,1257|1646,1257|1646,
W125F,125,1,1,1,CORE,,-0.8217413727501518,1,3795,3795,
W125R,125,1,1,1,CORE,,-0.6033384530349886,1,1199,1199,
E127D,127,1,1,1,CORE,,-0.2912709556374163,1,319,319,
D128E,128,3,3,3,EXTENDED,REPLICATE_STRONG_REVERSAL|CONTEXT_DEPENDENT_EFFECT,0.01633011917385049,3,3731|3737|3760,3731|3737|3760,
E129Q,129,1,1,1,CORE,,0.06520849710168815,1,2102,2102,
T133Y,133,1,1,1,CORE,,-0.08756033665354038,1,3247,3247,
Q139E,139,1,1,1,CORE,,-0.16685903201958097,1,3028,3028,
Q139K,139,7,5,5,EXTENDED,REPLICATE_STRONG_REVERSAL|CONTEXT_DEPENDENT_EFFECT,-0.3426273277216347,7,1091|1133|1144|3192|3292|3371|4562,1091|1133|1144|3192|3292|3371|4562,
K142R,142,1,1,1,EXTENDED,WT_BASELINE_GLOBAL_ONLY,-0.8074594582931078,1,862,862,
Y144W,144,1,1,1,CORE,,0.26322529067312955,1,2387,2387,
A145C,145,1,1,1,EXTENDED,EXPRESSION_CONTRADICTION|MISSING_REQUIRED_FIELD,0.058578228453258045,2,1236|3380,1236,3380
A145E,145,1,1,1,CORE,,-0.14868138221170968,1,1171,1171,
M149I,149,1,1,1,CORE,,-0.17785058274461676,1,3216,3216,
D150V,150,4,4,4,EXTENDED,REPLICATE_STRONG_REVERSAL|REPLICATE_HIGH_SPREAD|CONTEXT_DEPENDENT_EFFECT,-0.19229022882863425,4,3114|3242|4464|4477,3114|3242|4464|4477,
E154A,154,1,1,1,CORE,,-1.2623698400053038,1,1973,1973,
E154D,154,1,1,0,EXTENDED,WT_BASELINE_GLOBAL_ONLY|MISSING_REQUIRED_FIELD,0.39180419349603557,1,28,28,
E154F,154,1,1,1,CORE,,0.3469286183737618,1,1773,1773,
N157D,157,1,1,1,CORE,,-0.1771433810668193,1,1121,1121,
N157H,157,1,1,1,CORE,,0.24180461561760092,1,2069,2069,
N157T,157,1,1,1,EXTENDED,WT_BASELINE_GLOBAL_ONLY,-1.0386752933415406,1,864,864,
N157Y,157,1,1,1,EXTENDED,WT_BASELINE_GLOBAL_ONLY,0.38301931666455263,1,1627,1627,
W158N,158,1,1,0,EXTENDED,MISSING_REQUIRED_FIELD,0.23256423557965789,1,231,231,
N160A,160,1,1,1,CORE,,-0.08096421224635098,1,735,735,
N160C,160,1,1,1,CORE,,0.222990308227191,1,2452,2452,
N160G,160,1,1,1,CORE,,-0.8929835576583324,1,4438,4438,
N160H,160,1,1,1,CORE,,-0.6256568716189773,1,2479,2479,
N160S,160,1,1,1,CORE,,-0.013220370438209396,1,2453,2453,
N160V,160,4,3,3,EXTENDED,REPLICATE_STRONG_REVERSAL|CONTEXT_DEPENDENT_EFFECT,-0.2730400458273243,4,603|680|692|3102,603|680|692|3102,
I162V,162,1,1,1,CORE,,-0.2785590563828429,1,4239,4239,
N163A,163,1,1,0,EXTENDED,WT_BASELINE_GLOBAL_ONLY|MISSING_REQUIRED_FIELD,-2.1918104893662895,1,29,29,
N163C,163,1,1,0,EXTENDED,WT_BASELINE_GLOBAL_ONLY|MISSING_REQUIRED_FIELD,-1.3255637940549754,1,31,31,
N163D,163,1,1,0,EXTENDED,WT_BASELINE_GLOBAL_ONLY|MISSING_REQUIRED_FIELD,-2.074152277043356,1,30,30,
N163E,163,0,0,0,QUARANTINE,EXPRESSION_CONTRADICTION|MISSING_REQUIRED_FIELD,,1,32,,32
N163G,163,1,1,1,CORE,,-2.3426926284005893,1,2090,2090,
N163H,163,0,0,0,QUARANTINE,MISSING_REQUIRED_FIELD,,1,2500,,2500
N163K,163,0,0,0,QUARANTINE,EXPRESSION_CONTRADICTION|MISSING_REQUIRED_FIELD,,1,33,,33
N163Q,163,1,1,0,EXTENDED,MISSING_REQUIRED_FIELD,-3.076961801725815,1,263,263,
N163S,163,1,1,1,CORE,,0.6857440914363382,1,349,349,
N163T,163,1,1,0,EXTENDED,EXPRESSION_CONTRADICTION|MISSING_REQUIRED_FIELD,-2.7756141955630635,3,153|1328|1595,153,1328|1595
E164A,164,1,1,1,EXTENDED,MISSING_REQUIRED_FIELD,-1.9884439760472377,2,34|4335,4335,34
E164G,164,0,0,0,QUARANTINE,EXPRESSION_CONTRADICTION|MISSING_REQUIRED_FIELD,,1,35,,35
E164R,164,0,0,0,QUARANTINE,EXPRESSION_CONTRADICTION|MISSING_REQUIRED_FIELD,,1,36,,36
P165A,165,1,1,1,CORE,,0.12909565554942082,1,343,343,
Y166F,166,2,1,1,EXTENDED,WT_BASELINE_GLOBAL_ONLY,-1.7762006526964713,2,856|858,856|858,
Y166H,166,2,1,1,CORE,,-0.42807299165652357,2,1136|1142,1136|1142,
Y166K,166,1,1,1,CORE,,-2.3921499216127167,1,1104,1104,
Y166P,166,0,0,0,QUARANTINE,EXPRESSION_CONTRADICTION|MISSING_REQUIRED_FIELD,,1,37,,37
Y166S,166,1,1,1,CORE,,-1.1980150623196106,1,857,857,
Y166W,166,1,1,0,EXTENDED,MISSING_REQUIRED_FIELD,-2.0723859501355295,1,180,180,
C167A,167,1,1,0,EXTENDED,WT_BASELINE_GLOBAL_ONLY|MISSING_REQUIRED_FIELD,-0.49704666477150805,1,38,38,
C167D,167,1,1,1,CORE,,-1.704847861659815,1,2049,2049,
C167E,167,1,1,0,EXTENDED,MISSING_REQUIRED_FIELD,-0.5414681528988533,1,133,133,
C167H,167,1,1,0,EXTENDED,EXPRESSION_CONTRADICTION|MISSING_REQUIRED_FIELD,-0.23923799465975792,2,238|1190,238,1190
C167N,167,3,3,2,EXTENDED,REPLICATE_STRONG_REVERSAL|REPLICATE_HIGH_SPREAD|MISSING_REQUIRED_FIELD,-0.02970500475575156,3,157|3284|3735,157|3284|3735,
C167Q,167,1,1,0,EXTENDED,WT_BASELINE_GLOBAL_ONLY|MISSING_REQUIRED_FIELD,-0.002495843907896124,1,39,39,
C167S,167,2,2,2,CORE,,-2.504487784971092,2,1023|2480,1023|2480,
C167T,167,2,2,2,EXTENDED,REPLICATE_STRONG_REVERSAL|REPLICATE_HIGH_SPREAD|CONTEXT_DEPENDENT_EFFECT,-1.0688185941556625,2,3756|3818,3756|3818,
A168N,168,1,1,0,EXTENDED,MISSING_REQUIRED_FIELD,-0.7621771084916655,1,155,155,
S169A,169,1,1,1,CORE,,0.3296217417398668,1,1224,1224,
S169D,169,1,1,0,EXTENDED,MISSING_REQUIRED_FIELD,-3.6194299202997287,1,243,243,
S169M,169,1,1,1,CORE,,-1.6478785502347977,1,4075,4075,
S169N,169,1,1,0,EXTENDED,MISSING_REQUIRED_FIELD,-2.7608388191897144,1,244,244,
I170A,170,2,2,2,CORE,,0.3398989749066281,2,3723|3757,3723|3757,
I170V,170,3,2,2,CORE,,-0.03957821278682533,3,4371|4378|4379,4371|4378|4379,
I170Y,170,1,1,1,CORE,,-0.21808275276933078,1,1993,1993,
L171A,171,1,1,0,EXTENDED,WT_BASELINE_GLOBAL_ONLY|MISSING_REQUIRED_FIELD,-0.15077391913324303,1,40,40,
L171F,171,3,3,3,EXTENDED,REPLICATE_STRONG_REVERSAL|CONTEXT_DEPENDENT_EFFECT,-0.0482439971777206,3,1235|2865|2891,1235|2865|2891,
L171H,171,1,1,1,CORE,,-0.3732160944472343,1,3376,3376,
L171I,171,3,2,1,EXTENDED,MISSING_REQUIRED_FIELD,-0.26941782095816447,3,187|3357|3365,187|3357|3365,
L171M,171,1,1,1,CORE,,0.03642112132894903,1,3384,3384,
L171Q,171,2,2,1,EXTENDED,REPLICATE_STRONG_REVERSAL|REPLICATE_HIGH_SPREAD|MISSING_REQUIRED_FIELD,-0.40821050035835493,2,173|3287,173|3287,
L171R,171,1,1,0,EXTENDED,WT_BASELINE_GLOBAL_ONLY|MISSING_REQUIRED_FIELD,0.06678835396209178,1,41,41,
L171Y,171,2,2,2,CORE,,0.3929383899997051,2,317|3282,317|3282,
Y173L,173,2,2,2,EXTENDED,MISSING_REQUIRED_FIELD,-0.4926914274891924,3,3124|3169|3366,3124|3366,3169
T175A,175,1,1,0,EXTENDED,MISSING_REQUIRED_FIELD,-0.4907276428430327,1,150,150,
T175C,175,1,1,0,EXTENDED,MISSING_REQUIRED_FIELD,0.09607785824919014,1,152,152,
T175H,175,2,2,2,CORE,,-0.037805645188526235,2,1319|1357,1319|1357,
T175K,175,1,1,0,EXTENDED,MISSING_REQUIRED_FIELD,-0.036448798453271286,1,137,137,
T175M,175,1,1,1,CORE,,-0.12043986122002735,1,3250,3250,
T175R,175,1,1,0,EXTENDED,WT_BASELINE_GLOBAL_ONLY|MISSING_REQUIRED_FIELD,0.3347840299382071,1,42,42,
E177A,177,3,3,2,EXTENDED,WT_BASELINE_GLOBAL_ONLY|REPLICATE_STRONG_REVERSAL|MISSING_REQUIRED_FIELD,-0.13686739385895272,3,45|2546|3341,45|2546|3341,
E177C,177,1,1,0,EXTENDED,MISSING_REQUIRED_FIELD,-1.1155992325225572,1,175,175,
E177D,177,1,1,1,EXTENDED,MISSING_REQUIRED_FIELD,-0.33060304587141914,2,627|635,635,627
E177I,177,0,0,0,QUARANTINE,EXPRESSION_CONTRADICTION|MISSING_REQUIRED_FIELD,,1,2058,,2058
E177K,177,1,1,0,EXTENDED,WT_BASELINE_GLOBAL_ONLY|MISSING_REQUIRED_FIELD,-0.06103509755739327,1,44,44,
E177L,177,1,1,0,EXTENDED,WT_BASELINE_GLOBAL_ONLY|MISSING_REQUIRED_FIELD,-0.060631820090198484,1,43,43,
E177Q,177,1,1,0,EXTENDED,MISSING_REQUIRED_FIELD,-0.18781843943017584,1,172,172,
E177T,177,2,2,1,EXTENDED,MISSING_REQUIRED_FIELD,-0.3575202704271242,2,131|3418,131|3418,
E177W,177,2,2,2,EXTENDED,REPLICATE_HIGH_SPREAD|CONTEXT_DEPENDENT_EFFECT,-1.1229007435541032,2,3800|3817,3800|3817,
H178A,178,1,1,0,EXTENDED,WT_BASELINE_GLOBAL_ONLY|MISSING_REQUIRED_FIELD,-0.8428907627226847,1,46,46,
H178C,178,2,2,2,EXTENDED,REPLICATE_STRONG_REVERSAL|REPLICATE_HIGH_SPREAD|CONTEXT_DEPENDENT_EFFECT,-0.30033101502180193,2,1604|2205,1604|2205,
H178F,178,2,2,2,EXTENDED,REPLICATE_HIGH_SPREAD|CONTEXT_DEPENDENT_EFFECT,-0.4388492726846375,2,2176|3439,2176|3439,
H178K,178,1,1,1,CORE,,-1.6620205400874382,1,2477,2477,
H178N,178,3,3,3,CORE,,-0.09821058272387277,3,668|1322|2029,668|1322|2029,
H178Q,178,1,1,1,CORE,,-0.614108926439944,1,2204,2204,
H178R,178,1,1,0,EXTENDED,EXPRESSION_CONTRADICTION|MISSING_REQUIRED_FIELD,-0.9003095408316583,2,47|237,237,47
H178S,178,1,1,0,EXTENDED,MISSING_REQUIRED_FIELD,-1.5584199631769513,1,156,156,
H178W,178,2,2,2,EXTENDED,REPLICATE_HIGH_SPREAD|CONTEXT_DEPENDENT_EFFECT,-1.0821843449244835,2,2330|2449,2330|2449,
H178Y,178,1,1,1,CORE,,-2.112838149668845,1,2206,2206,
A179S,179,1,1,1,CORE,,-0.2996077670386167,1,3910,3910,
H182K,182,1,1,1,CORE,,-0.09582127205067657,1,2857,2857,
H182Q,182,1,1,1,CORE,,-0.013042696241545075,1,2852,2852,
H182R,182,1,1,0,EXTENDED,MISSING_REQUIRED_FIELD,-0.23849332395021527,1,148,148,
H182S,182,1,1,1,CORE,,-0.13145824708554243,1,2542,2542,
H182T,182,1,1,1,CORE,,-0.1763348283957285,1,2858,2858,
H182V,182,0,0,0,QUARANTINE,EXPRESSION_CONTRADICTION|MISSING_REQUIRED_FIELD,,1,2543,,2543
H182Y,182,1,1,1,CORE,,-0.056365301508948064,1,2545,2545,
E183D,183,0,0,0,QUARANTINE,EXPRESSION_CONTRADICTION,,1,2073,,2073
E183H,183,1,1,0,EXTENDED,MISSING_REQUIRED_FIELD,-0.4327584478546529,1,213,213,
E183T,183,1,1,0,EXTENDED,MISSING_REQUIRED_FIELD,-0.06701966200790585,1,161,161,
N184D,184,2,2,2,CORE,,-0.0117693342114472,2,3559|3899,3559|3899,
W185Q,185,0,0,0,QUARANTINE,MISSING_REQUIRED_FIELD,,1,4274,,4274
W185V,185,1,1,1,CORE,,-0.11552298444371398,1,4417,4417,
W185Y,185,1,1,1,CORE,,-0.2921973231630561,1,4264,4264,
E187A,187,1,1,1,CORE,,-0.04482207248544364,1,2549,2549,
E187F,187,1,1,1,CORE,,-0.9702418534908811,1,2551,2551,
E187T,187,1,1,1,CORE,,-0.04010677550983751,1,2550,2550,
A192S,192,1,1,0,EXTENDED,WT_BASELINE_GLOBAL_ONLY|MISSING_REQUIRED_FIELD,0.25560098335587805,1,48,48,
H194G,194,1,1,1,CORE,,-0.016897221723588426,1,1252,1252,
H194L,194,2,2,2,CORE,,0.01858188136861403,2,1377|1634,1377|1634,
H194N,194,2,2,2,CORE,,-0.08055301932274353,2,1639|1644,1639|1644,
H194Q,194,1,1,1,CORE,,-0.5162588830871775,1,1635,1635,
H194V,194,1,1,1,CORE,,-0.22640996607261185,1,1379,1379,
H194Y,194,2,2,2,CORE,,-0.12250933723408508,2,1636|1726,1636|1726,
C198A,198,1,1,1,CORE,,-0.3413424937971533,1,2218,2218,
C198D,198,0,0,0,QUARANTINE,EXPRESSION_CONTRADICTION|MISSING_REQUIRED_FIELD,,1,2233,,2233
C198F,198,0,0,0,QUARANTINE,EXPRESSION_CONTRADICTION|MISSING_REQUIRED_FIELD,,1,2234,,2234
C198G,198,1,1,1,CORE,,-0.530555339872947,1,2229,2229,
C198K,198,1,1,1,CORE,,0.03572956251167219,1,2226,2226,
C198L,198,0,0,0,QUARANTINE,MISSING_REQUIRED_FIELD,,1,2224,,2224
C198M,198,1,1,1,CORE,,0.01721153850694474,1,2228,2228,
C198N,198,0,0,0,QUARANTINE,EXPRESSION_CONTRADICTION|MISSING_REQUIRED_FIELD,,1,3023,,3023
C198Q,198,0,0,0,QUARANTINE,EXPRESSION_CONTRADICTION,,1,2216,,2216
C198S,198,1,1,1,CORE,,0.029940414267176228,1,2221,2221,
C198T,198,1,1,1,CORE,,0.5658436883995465,1,2220,2220,
H199D,199,0,0,0,QUARANTINE,MISSING_REQUIRED_FIELD,,1,2405,,2405
I201T,201,1,1,1,CORE,,-0.15361250662382364,1,3416,3416,
S203T,203,1,1,1,CORE,,-0.028623244970683547,1,3841,3841,
S203V,203,2,2,2,CORE,,0.14100970022446283,2,3547|3900,3547|3900,
H206Q,206,1,1,1,CORE,,-0.20635149859020105,1,3588,3588,
T212E,212,2,2,2,CORE,,-0.0006693797524399761,2,2094|2103,2094|2103,
T212K,212,1,1,1,CORE,,-0.06381298969146436,1,3943,3943,
T212Q,212,1,1,1,CORE,,0.010024561851876161,1,3942,3942,
K214H,214,1,1,1,CORE,,-0.06516736259046682,1,3940,3940,
K214T,214,1,1,1,CORE,,-0.44429658631484303,1,3938,3938,
K214Y,214,1,1,1,CORE,,0.08843668723167347,1,3937,3937,
I215F,215,1,1,1,CORE,,-0.1316042007586073,1,3950,3950,
I217Q,217,1,1,1,CORE,,0.13398798641798823,1,3958,3958,
I217S,217,1,1,1,CORE,,-0.31350497208438133,1,3117,3117,
I217T,217,1,1,1,CORE,,0.10281142476719535,1,3941,3941,
T218A,218,1,1,0,EXTENDED,WT_BASELINE_GLOBAL_ONLY|MISSING_REQUIRED_FIELD,-0.15963205316948795,1,49,49,
T218G,218,1,1,1,CORE,,-0.4410682089968985,1,3856,3856,
T218Q,218,2,2,2,EXTENDED,REPLICATE_HIGH_SPREAD|CONTEXT_DEPENDENT_EFFECT,-1.5857097822960888,2,812|3426,812|3426,
T218S,218,2,2,2,CORE,,-0.6647229515999571,2,310|3336,310|3336,
L219M,219,1,1,1,CORE,,-0.1752216163486687,1,3385,3385,
L219Q,219,2,2,1,EXTENDED,REPLICATE_HIGH_SPREAD|MISSING_REQUIRED_FIELD,-0.5639516806612287,2,169|3197,169|3197,
L219R,219,1,1,1,CORE,,0.07322095484092088,1,3488,3488,
L219V,219,1,1,1,CORE,,-0.20738715588799567,1,2809,2809,
N220A,220,4,4,3,EXTENDED,WT_BASELINE_GLOBAL_ONLY|MISSING_REQUIRED_FIELD,-0.8790058120101711,4,53|1300|1926|2026,53|1300|1926|2026,
N220C,220,3,3,3,CORE,,0.06940184901323457,3,484|485|743,484|485|743,
N220D,220,2,2,2,EXTENDED,WT_BASELINE_GLOBAL_ONLY|REPLICATE_HIGH_SPREAD|CONTEXT_DEPENDENT_EFFECT,-1.1271068931421442,2,308|3199,308|3199,
N220E,220,3,3,3,EXTENDED,REPLICATE_HIGH_SPREAD|CONTEXT_DEPENDENT_EFFECT,-1.715769846406159,3,1298|3802|4057,1298|3802|4057,
N220F,220,11,11,11,EXTENDED,EXPRESSION_CONTRADICTION|MISSING_REQUIRED_FIELD,0.5258422580142463,12,350|477|478|486|609|616|693|2340|2377|3257|3340|3412,350|477|478|486|609|616|693|2340|3257|3340|3412,2377
N220G,220,2,2,1,EXTENDED,WT_BASELINE_GLOBAL_ONLY|REPLICATE_HIGH_SPREAD|MISSING_REQUIRED_FIELD,-1.740605446288456,2,51|1314,51|1314,
N220H,220,2,2,1,EXTENDED,WT_BASELINE_GLOBAL_ONLY|MISSING_REQUIRED_FIELD,-0.9170618615696369,2,52|1315,52|1315,
N220I,220,0,0,0,QUARANTINE,MISSING_REQUIRED_FIELD,,1,3200,,3200
N220K,220,1,1,1,EXTENDED,MISSING_REQUIRED_FIELD,0.2563989471560445,2,436|3201,436,3201
N220L,220,3,3,3,EXTENDED,REPLICATE_STRONG_REVERSAL|REPLICATE_HIGH_SPREAD|CONTEXT_DEPENDENT_EFFECT,-0.23604421666469974,3,346|455|483,346|455|483,
N220M,220,2,2,2,CORE,,0.2588472084365563,2,1302|3039,1302|3039,
N220P,220,1,1,1,CORE,,-0.5798668505049427,1,1386,1386,
N220Q,220,2,2,2,EXTENDED,WT_BASELINE_GLOBAL_ONLY,-0.880817336223541,2,1326|3202,1326|3202,
N220R,220,3,3,2,EXTENDED,WT_BASELINE_GLOBAL_ONLY|REPLICATE_HIGH_SPREAD|CONTEXT_DEPENDENT_EFFECT|MISSING_REQUIRED_FIELD,-1.910323938856824,3,50|1307|3736,50|1307|3736,
N220S,220,3,3,3,EXTENDED,WT_BASELINE_GLOBAL_ONLY,-1.2313797871250396,3,328|1781|3343,328|1781|3343,
N220T,220,1,1,1,EXTENDED,WT_BASELINE_GLOBAL_ONLY|MISSING_REQUIRED_FIELD,-3.376913908984459,2,3154|3160,3154,3160
N220V,220,2,2,2,CORE,,-0.17445492697219303,2,1294|1301,1294|1301,
N220W,220,2,2,0,EXTENDED,MISSING_REQUIRED_FIELD,0.17202036384534822,2,199|262,199|262,
N220Y,220,3,3,2,EXTENDED,WT_BASELINE_GLOBAL_ONLY|MISSING_REQUIRED_FIELD,0.6777544908107466,3,54|1167|1293,54|1167|1293,
M221A,221,1,1,0,EXTENDED,WT_BASELINE_GLOBAL_ONLY|MISSING_REQUIRED_FIELD,-0.07147392742413766,1,55,55,
M221K,221,2,1,1,CORE,,-0.8373759726256764,2,1140|1141,1140|1141,
M221N,221,1,1,1,CORE,,-0.4584766070313022,1,1175,1175,
M221Q,221,1,1,0,EXTENDED,MISSING_REQUIRED_FIELD,-0.0793394645325332,1,170,170,
M221R,221,1,1,1,CORE,,-1.553486365265346,1,2047,2047,
E222A,222,1,1,0,EXTENDED,WT_BASELINE_GLOBAL_ONLY|MISSING_REQUIRED_FIELD,0.14057456812301042,1,61,61,
E222H,222,1,1,0,EXTENDED,WT_BASELINE_GLOBAL_ONLY|MISSING_REQUIRED_FIELD,-0.7376926089701076,1,59,59,
E222K,222,1,1,0,EXTENDED,WT_BASELINE_GLOBAL_ONLY|MISSING_REQUIRED_FIELD,-0.8373174569235613,1,57,57,
E222Q,222,1,1,0,EXTENDED,WT_BASELINE_GLOBAL_ONLY|MISSING_REQUIRED_FIELD,-0.2733771330884491,1,60,60,
E222R,222,1,1,0,EXTENDED,WT_BASELINE_GLOBAL_ONLY|MISSING_REQUIRED_FIELD,-0.7818952026150763,1,58,58,
E222Y,222,1,1,0,EXTENDED,WT_BASELINE_GLOBAL_ONLY|MISSING_REQUIRED_FIELD,-2.158119838399643,1,56,56,
H223A,223,4,4,4,CORE,,-0.1293869657390303,4,671|1354|2018|2615,671|1354|2018|2615,
H223S,223,1,1,1,CORE,,-0.22941988278503817,1,3427,3427,
A226P,226,1,1,1,CORE,,0.01684011780284162,1,3911,3911,
P231K,231,1,1,1,CORE,,0.37915014927260177,1,1203,1203,
D233I,233,1,1,1,CORE,,-0.8261753108396828,1,3358,3358,
A236C,236,2,2,2,CORE,,-0.3449232407899242,2,3209|3413,3209|3413,
A236D,236,0,0,0,QUARANTINE,EXPRESSION_CONTRADICTION|MISSING_REQUIRED_FIELD,,3,2847|2848|2850,,2847|2848|2850
A236E,236,0,0,0,QUARANTINE,EXPRESSION_CONTRADICTION|MISSING_REQUIRED_FIELD,,2,62|3223,,62|3223
A236S,236,1,1,1,CORE,,-3.8521811572691154,1,3214,3214,
A236V,236,2,2,2,CORE,,-1.8163636490331108,2,628|684,628|684,
I238A,238,1,1,1,CORE,,-0.3771352514489411,1,4455,4455,
I238G,238,1,1,1,CORE,,-0.1987377855859527,1,4454,4454,
I238K,238,1,1,1,CORE,,-0.21555552298089017,1,4453,4453,
R239C,239,1,1,1,CORE,,-0.4052283817385881,1,3217,3217,
R240A,240,6,6,6,EXTENDED,EFFICIENCY_COMPONENT_CONFLICT|REPLICATE_STRONG_REVERSAL|REPLICATE_HIGH_SPREAD|CONTEXT_DEPENDENT_EFFECT,-0.45902107983465495,6,2343|2349|2375|3867|4461|4478,2343|2349|2375|3867|4461|4478,
R240D,240,1,1,0,EXTENDED,WT_BASELINE_GLOBAL_ONLY|MISSING_REQUIRED_FIELD,-0.5964075031274925,1,63,63,
R240E,240,0,0,0,QUARANTINE,EXPRESSION_CONTRADICTION|MISSING_REQUIRED_FIELD,,1,66,,66
R240G,240,1,1,0,EXTENDED,EXPRESSION_CONTRADICTION|MISSING_REQUIRED_FIELD,-0.6079054006026194,2,239|1280,239,1280
R240K,240,2,2,1,EXTENDED,WT_BASELINE_GLOBAL_ONLY|MISSING_REQUIRED_FIELD,-0.2804616197384087,2,64|2462,64|2462,
D241H,241,1,1,0,EXTENDED,MISSING_REQUIRED_FIELD,-1.1759498219102484,1,159,159,
D241R,241,1,1,1,CORE,,-1.739905079019127,1,3095,3095,
F243H,243,8,8,8,EXTENDED,REPLICATE_STRONG_REVERSAL|CONTEXT_DEPENDENT_EFFECT|MISSING_REQUIRED_FIELD,-0.21483530294837344,11,1221|2031|2571|2575|2576|2717|2719|2722|3240|3344|3402,1221|2031|2571|2575|2576|3240|3344|3402,2717|2719|2722
I244A,244,1,1,1,CORE,,-0.09691020545344077,1,1923,1923,
I244E,244,1,1,0,EXTENDED,WT_BASELINE_GLOBAL_ONLY|MISSING_REQUIRED_FIELD,-0.09338009302013017,1,67,67,
I244K,244,1,1,1,CORE,,-0.8499233996681328,1,1222,1222,
I244M,244,2,1,1,EXTENDED,REPLICATE_STRONG_REVERSAL,0.10683823278376889,2,809|854,809|854,
I244N,244,1,1,0,EXTENDED,WT_BASELINE_GLOBAL_ONLY|MISSING_REQUIRED_FIELD,0.08883530903752912,1,68,68,
I244Q,244,1,1,0,EXTENDED,MISSING_REQUIRED_FIELD,-0.19516994879839752,1,132,132,
I244T,244,1,1,0,EXTENDED,MISSING_REQUIRED_FIELD,0.03046574141125539,1,160,160,
I244V,244,1,1,1,EXTENDED,WT_BASELINE_GLOBAL_ONLY,0.4785791553049034,1,1775,1775,
R246K,246,7,7,7,EXTENDED,MISSING_REQUIRED_FIELD,0.258910548221663,13,2565|2566|2567|2586|2590|2591|2702|2708|2781|2783|2784|2791|3208,2565|2566|2567|2586|2590|2591|3208,2702|2708|2781|2783|2784|2791
W247V,247,1,1,0,EXTENDED,MISSING_REQUIRED_FIELD,-2.2303311382670516,1,242,242,
F248N,248,1,1,1,CORE,,-1.967834032761556,1,1138,1138,
A249E,249,0,0,0,QUARANTINE,EXPRESSION_CONTRADICTION|MISSING_REQUIRED_FIELD,,1,69,,69
E250D,250,3,3,3,CORE,,0.008468306046582545,3,3566|3577|3912,3566|3577|3912,
P251A,251,1,1,1,CORE,,0.05334694011845185,1,3694,3694,
P251D,251,1,1,1,CORE,,-0.7125636673371454,1,3696,3696,
P251F,251,1,1,1,CORE,,-1.3568060078707853,1,3686,3686,
P251G,251,1,1,1,CORE,,-0.22897896838274956,1,3672,3672,
P251L,251,1,1,1,CORE,,-0.7023676521450765,1,3662,3662,
P251M,251,1,1,1,CORE,,-0.4572937951556307,1,3688,3688,
P251N,251,1,1,1,CORE,,-1.2239753921399823,1,3691,3691,
P251S,251,3,3,3,CORE,,-0.05306469135910527,3,3684|3685|3693,3684|3685|3693,
P251T,251,1,1,1,CORE,,-0.3657637519355162,1,3682,3682,
P251W,251,1,1,1,CORE,,-1.9013479967646885,1,3683,3683,
F253H,253,1,1,1,CORE,,-0.6368140091606395,1,1578,1578,
F253I,253,3,3,3,CORE,,0.09621260437707368,3,1580|2041|2611,1580|2041|2611,
F253M,253,1,1,1,EXTENDED,MISSING_REQUIRED_FIELD,0.09739866751347216,2,1570|2040,2040,1570
F253Y,253,2,2,2,EXTENDED,WT_BASELINE_GLOBAL_ONLY,-0.22027919629739862,2,1525|3386,1525|3386,
D260E,260,1,1,1,CORE,,-0.10211813317838277,1,1778,1778,
M261D,261,0,0,0,QUARANTINE,EXPRESSION_CONTRADICTION|MISSING_REQUIRED_FIELD,,1,70,,70
W264H,264,2,2,2,EXTENDED,REPLICATE_STRONG_REVERSAL|REPLICATE_HIGH_SPREAD|CONTEXT_DEPENDENT_EFFECT,-0.26529661585804065,2,1147|3414,1147|3414,
W264K,264,1,1,1,CORE,,0.24472604032422057,1,4457,4457,
W264R,264,1,1,1,CORE,,-0.31105334647128297,1,4261,4261,
W264Y,264,1,1,1,EXTENDED,WT_BASELINE_GLOBAL_ONLY,-1.2080909598680694,1,861,861,
Y265F,265,1,1,1,CORE,,-2.4188514103545233,1,1229,1229,
T267E,267,1,1,1,CORE,,0.11941702016190539,1,1132,1132,
Y268K,268,2,2,2,CORE,,0.09458746179461505,2,3568|3913,3568|3913,
L269I,269,1,1,1,CORE,,0.07528981431260703,1,1517,1517,
L269V,269,2,2,2,EXTENDED,MISSING_REQUIRED_FIELD,0.04070260828875692,3,3549|3586|3914,3549|3914,3586
N270G,270,3,3,3,CORE,,-0.16972876372481957,3,3561|3576|3915,3561|3576|3915,
N270W,270,5,5,5,EXTENDED,MISSING_REQUIRED_FIELD,-0.03539515465881837,8,2564|2578|2581|2704|2723|2780|3221|4358,2564|2578|2581|3221|4358,2704|2723|2780
G271D,271,4,4,4,EXTENDED,REPLICATE_STRONG_REVERSAL|CONTEXT_DEPENDENT_EFFECT,-0.10565181860434647,4,3560|3578|3579|3916,3560|3578|3579|3916,
L272F,272,2,2,2,EXTENDED,REPLICATE_HIGH_SPREAD|CONTEXT_DEPENDENT_EFFECT,-2.4758753455695683,2,3556|3917,3556|3917,
F274N,274,2,2,2,CORE,,-0.10845549077302864,2,3267|4356,3267|4356,
Q276K,276,1,1,1,CORE,,-0.3054061307592619,1,2078,2078,
G278V,278,1,1,1,EXTENDED,WT_BASELINE_GLOBAL_ONLY,0.026090886772823892,1,425,425,
M280I,280,1,1,0,EXTENDED,MISSING_REQUIRED_FIELD,-0.10375774560439072,1,224,224,
D288E,288,2,2,1,EXTENDED,MISSING_REQUIRED_FIELD,0.006501101741066627,2,146|3196,146|3196,
F289A,289,0,0,0,QUARANTINE,EXPRESSION_CONTRADICTION|MISSING_REQUIRED_FIELD,,1,3706,,3706
L290V,290,2,2,2,CORE,,0.12084106129794656,2,3885|4331,3885|4331,
N293A,293,2,2,1,EXTENDED,WT_BASELINE_GLOBAL_ONLY|MISSING_REQUIRED_FIELD,-1.9832232910682055,2,72|1723,72|1723,
N293C,293,1,1,0,EXTENDED,WT_BASELINE_GLOBAL_ONLY|MISSING_REQUIRED_FIELD,-2.286169204913966,1,71,71,
N293D,293,0,0,0,QUARANTINE,EXPRESSION_CONTRADICTION|MISSING_REQUIRED_FIELD,,1,74,,74
N293E,293,0,0,0,QUARANTINE,MISSING_REQUIRED_FIELD,,1,2177,,2177
N293F,293,0,0,0,QUARANTINE,EXPRESSION_CONTRADICTION|MISSING_REQUIRED_FIELD,,1,2183,,2183
N293G,293,2,2,0,EXTENDED,MISSING_REQUIRED_FIELD,-3.3771282850450755,2,196|260,196|260,
N293H,293,0,0,0,QUARANTINE,MISSING_REQUIRED_FIELD,,1,1746,,1746
N293I,293,1,1,1,CORE,,-1.6920483164141242,1,2182,2182,
N293K,293,0,0,0,QUARANTINE,EXPRESSION_CONTRADICTION|MISSING_REQUIRED_FIELD,,1,75,,75
N293L,293,0,0,0,QUARANTINE,EXPRESSION_CONTRADICTION|MISSING_REQUIRED_FIELD,,1,2314,,2314
N293M,293,0,0,0,QUARANTINE,MISSING_REQUIRED_FIELD,,1,1752,,1752
N293P,293,0,0,0,QUARANTINE,EXPRESSION_CONTRADICTION|MISSING_REQUIRED_FIELD,,1,2185,,2185
N293Q,293,0,0,0,QUARANTINE,MISSING_REQUIRED_FIELD,,1,73,,73
N293R,293,2,2,1,EXTENDED,REPLICATE_HIGH_SPREAD|MISSING_REQUIRED_FIELD,-1.632777279528887,2,163|4434,163|4434,
N293S,293,2,2,2,CORE,,-1.3734027417752142,2,1198|2178,1198|2178,
N293T,293,0,0,0,QUARANTINE,EXPRESSION_CONTRADICTION,,1,2179,,2179
N293V,293,3,3,3,EXTENDED,WT_BASELINE_GLOBAL_ONLY|REPLICATE_HIGH_SPREAD|CONTEXT_DEPENDENT_EFFECT,-3.7724825236501482,3,625|634|3288,625|634|3288,
N293W,293,0,0,0,QUARANTINE,EXPRESSION_CONTRADICTION|MISSING_REQUIRED_FIELD,,2,2193|2492,,2193|2492
N293Y,293,1,1,1,EXTENDED,EXPRESSION_CONTRADICTION|MISSING_REQUIRED_FIELD,-3.541831287261834,2,1109|2187,1109,2187
Y294A,294,1,1,0,EXTENDED,WT_BASELINE_GLOBAL_ONLY|MISSING_REQUIRED_FIELD,-0.4894522181421467,1,76,76,
Y294F,294,1,1,0,EXTENDED,WT_BASELINE_GLOBAL_ONLY|MISSING_REQUIRED_FIELD,0.0750542165121615,1,77,77,
Y294H,294,0,0,0,QUARANTINE,MISSING_REQUIRED_FIELD,,1,2961,,2961
Y294L,294,0,0,0,QUARANTINE,EXPRESSION_CONTRADICTION|MISSING_REQUIRED_FIELD,,1,78,,78
Y295A,295,0,0,0,QUARANTINE,MISSING_REQUIRED_FIELD,,1,79,,79
Y295G,295,0,0,0,QUARANTINE,MISSING_REQUIRED_FIELD,,1,80,,80
Y295N,295,1,1,1,CORE,,-1.0832200691373588,1,424,424,
T296A,296,1,1,0,EXTENDED,EXPRESSION_CONTRADICTION|MISSING_REQUIRED_FIELD,-4.065092682040231,2,81|182,182,81
T296C,296,2,2,0,EXTENDED,REPLICATE_HIGH_SPREAD|MISSING_REQUIRED_FIELD,-0.8032878569342918,2,186|258,186|258,
T296E,296,0,0,0,QUARANTINE,EXPRESSION_CONTRADICTION|MISSING_REQUIRED_FIELD,,1,82,,82
T296F,296,1,1,1,CORE,,0.18008529116838562,1,3081,3081,
T296H,296,1,1,0,EXTENDED,MISSING_REQUIRED_FIELD,-1.002913483780679,1,141,141,
T296R,296,1,1,1,CORE,,-0.15172174408554462,1,3119,3119,
T296S,296,2,2,2,CORE,,-0.27229862167604046,2,2521|4475,2521|4475,
T296W,296,1,1,1,CORE,,-1.5983535501863635,1,3083,3083,
T296Y,296,1,1,1,CORE,,0.14493941516369338,1,2046,2046,
R297A,297,1,1,1,CORE,,-1.3402939619035328,1,3115,3115,
R297S,297,1,1,1,CORE,,-0.5280969616721228,1,4357,4357,
S298E,298,1,1,0,EXTENDED,WT_BASELINE_GLOBAL_ONLY|MISSING_REQUIRED_FIELD,0.17152370448210477,1,83,83,
S298R,298,1,1,1,EXTENDED,WT_BASELINE_GLOBAL_ONLY,0.3035313861194041,1,321,321,
S298T,298,1,1,1,CORE,,0.32493400809958284,1,312,312,
I299R,299,2,1,1,CORE,,0.05277932449389341,2,1038|1070,1038|1070,
I300N,300,1,1,0,EXTENDED,WT_BASELINE_GLOBAL_ONLY|MISSING_REQUIRED_FIELD,0.17711348632461113,1,84,84,
S302A,302,2,1,1,CORE,,0.007094052120763189,2,3360|3368,3360|3368,
S302D,302,1,1,1,CORE,,-0.8491078872146128,1,1346,1346,
S302F,302,2,2,2,CORE,,-0.012414787687825543,2,1345|1348,1345|1348,
S302H,302,2,2,0,EXTENDED,MISSING_REQUIRED_FIELD,0.06943327509964091,2,189|259,189|259,
S302K,302,1,1,1,CORE,,0.04027517016274678,1,1347,1347,
S302N,302,1,1,0,EXTENDED,MISSING_REQUIRED_FIELD,0.027446770180504055,1,135,135,
S302W,302,2,2,2,CORE,,-0.008454068198357562,2,1351|1358,1351|1358,
S302Y,302,1,1,1,CORE,,-0.10562983573356256,1,1334,1334,
T303K,303,2,2,2,CORE,,0.06715156890258944,2,3569|3918,3569|3918,
N304H,304,3,2,2,CORE,,0.04101646223180443,3,4216|4373|4376,4216|4373|4376,
A306K,306,1,1,1,CORE,,-0.0101834011749481,1,2465,2465,
A306N,306,2,1,1,CORE,,0.007491384058461205,2,3361|3369,3361|3369,
A306Q,306,2,2,2,CORE,,0.02788542305228995,2,685|698,685|698,
A306S,306,4,4,4,EXTENDED,REPLICATE_STRONG_REVERSAL|CONTEXT_DEPENDENT_EFFECT,-0.15049455867559905,4,1713|2464|3345|3446,1713|2464|3345|3446,
V311D,311,1,1,1,CORE,,-0.6617433484442306,1,1105,1105,
E312V,312,3,3,3,CORE,,0.6577877600226415,3,3734|3754|3755,3734|3754|3755,
Q313A,313,1,1,1,CORE,,0.27621953575382047,1,1176,1176,
Q313C,313,2,1,1,CORE,,-0.15419461317273137,2,874|1050,874|1050,
Q313E,313,1,1,1,CORE,,-0.3159223394209322,1,1165,1165,
Q313L,313,1,1,1,CORE,,-0.09541763045329386,1,1174,1174,
Q313N,313,1,1,0,EXTENDED,MISSING_REQUIRED_FIELD,-0.5022336195525747,1,165,165,
Q313P,313,1,1,1,CORE,,-0.4488842521028516,1,810,810,
Q313R,313,1,1,0,EXTENDED,WT_BASELINE_GLOBAL_ONLY|MISSING_REQUIRED_FIELD,0.2711937264426843,1,85,85,
Q313V,313,1,1,0,EXTENDED,MISSING_REQUIRED_FIELD,-0.08263039035376582,1,151,151,
V314A,314,1,1,1,CORE,,0.40798508277370493,1,3651,3651,
V314D,314,1,1,1,CORE,,-0.11132724838670965,1,3633,3633,
V314E,314,1,1,1,CORE,,-0.5095007916065223,1,3656,3656,
V314F,314,1,1,1,CORE,,0.23988664855746894,1,3654,3654,
V314H,314,1,1,1,CORE,,0.1149828487609307,1,3657,3657,
V314K,314,1,1,1,CORE,,-0.02135500801000268,1,3652,3652,
V314L,314,2,2,2,EXTENDED,REPLICATE_STRONG_REVERSAL|REPLICATE_HIGH_SPREAD|CONTEXT_DEPENDENT_EFFECT,0.14442016657446394,2,3620|3661,3620|3661,
V314M,314,1,1,1,CORE,,-0.07309319359137335,1,3655,3655,
V314Q,314,1,1,1,EXTENDED,WT_BASELINE_GLOBAL_ONLY,-0.2079473750680091,1,3648,3648,
V314T,314,1,1,1,CORE,,-0.026285510228463826,1,3653,3653,
V314W,314,1,1,1,CORE,,0.04658671086129946,1,3658,3658,
H315C,315,1,1,1,EXTENDED,MISSING_REQUIRED_FIELD,-2.5743088307211126,2,2811|3485,3485,2811
H315D,315,1,1,1,CORE,,0.3396153172309083,1,344,344,
H315E,315,1,1,1,EXTENDED,MISSING_REQUIRED_FIELD,-0.06005572608098249,2,86|3251,3251,86
H315I,315,1,1,0,EXTENDED,MISSING_REQUIRED_FIELD,-0.2368311336088365,1,212,212,
H315K,315,2,2,1,EXTENDED,REPLICATE_HIGH_SPREAD|MISSING_REQUIRED_FIELD,-0.7646330518749986,2,176|4418,176|4418,
H315N,315,8,8,8,EXTENDED,EXPRESSION_CONTRADICTION|WT_BASELINE_GLOBAL_ONLY|MISSING_REQUIRED_FIELD,-0.026469298070646484,15,87|1503|2510|2553|2554|2555|2594|2597|2599|2691|2693|2695|2700|2701|2705,1503|2510|2553|2554|2555|2594|2597|2599,87|2691|2693|2695|2700|2701|2705
H315P,315,2,2,2,CORE,,-0.038157537508807966,2,2032|3447,2032|3447,
H315Q,315,1,1,1,CORE,,-2.171235040203844,1,3122,3122,
H315T,315,1,1,0,EXTENDED,MISSING_REQUIRED_FIELD,0.055439153770091745,1,142,142,
H315Y,315,1,1,1,CORE,,-0.031258502461429055,1,3387,3387,
M316K,316,1,1,0,EXTENDED,MISSING_REQUIRED_FIELD,-0.11213146923331622,1,211,211,
E318R,318,1,1,0,EXTENDED,MISSING_REQUIRED_FIELD,-2.3883207729724107,1,177,177,
T321S,321,1,1,1,CORE,,-0.3484541006876337,1,2522,2522,
M323A,323,1,1,0,EXTENDED,WT_BASELINE_GLOBAL_ONLY|MISSING_REQUIRED_FIELD,-0.36325373811907,1,88,88,
M323C,323,1,1,1,CORE,,-0.7903461970073843,1,1516,1516,
M323D,323,1,1,1,CORE,,-1.8056145981168594,1,2052,2052,
M323I,323,2,2,2,CORE,,0.00396830104377869,2,2033|3486,2033|3486,
M323K,323,0,0,0,QUARANTINE,EXPRESSION_CONTRADICTION|MISSING_REQUIRED_FIELD,,1,89,,89
M323S,323,2,2,2,CORE,,-0.09090863610981714,2,3798|3814,3798|3814,
W325A,325,2,2,1,EXTENDED,WT_BASELINE_GLOBAL_ONLY|REPLICATE_STRONG_REVERSAL|REPLICATE_HIGH_SPREAD|MISSING_REQUIRED_FIELD,-0.06659323513287857,2,93|1957,93|1957,
W325C,325,1,1,0,EXTENDED,WT_BASELINE_GLOBAL_ONLY|MISSING_REQUIRED_FIELD,-1.6106802964274698,1,91,91,
W325D,325,1,1,0,EXTENDED,MISSING_REQUIRED_FIELD,-0.5098491084689142,1,154,154,
W325E,325,1,1,1,CORE,,-1.7686981631770489,1,2171,2171,
W325F,325,1,1,0,EXTENDED,MISSING_REQUIRED_FIELD,-1.130619239454314,1,138,138,
W325G,325,0,0,0,QUARANTINE,EXPRESSION_CONTRADICTION|MISSING_REQUIRED_FIELD,,2,95|2154,,95|2154
W325H,325,1,1,0,EXTENDED,WT_BASELINE_GLOBAL_ONLY|MISSING_REQUIRED_FIELD,-0.9661712544349657,1,92,92,
W325I,325,1,1,1,CORE,,-0.8715901594635403,1,2158,2158,
W325K,325,6,6,6,EXTENDED,WT_BASELINE_GLOBAL_ONLY,-1.8618006250165906,6,617|638|683|2364|3268|4421,617|638|683|2364|3268|4421,
W325L,325,1,1,0,EXTENDED,WT_BASELINE_GLOBAL_ONLY|MISSING_REQUIRED_FIELD,-0.7376921517518957,1,94,94,
W325M,325,4,4,4,CORE,,-0.8855092725079591,4,1549|2039|2152|3170,1549|2039|2152|3170,
W325N,325,1,1,1,CORE,,-1.2630322334549058,1,2145,2145,
W325P,325,0,0,0,QUARANTINE,EXPRESSION_CONTRADICTION|MISSING_REQUIRED_FIELD,,1,2168,,2168
W325Q,325,5,5,5,EXTENDED,MISSING_REQUIRED_FIELD,-0.32691419041887143,8,2156|2504|2595|2596|2600|2690|2696|2699,2156|2504|2595|2596|2600,2690|2696|2699
W325R,325,1,1,1,EXTENDED,EXPRESSION_CONTRADICTION|MISSING_REQUIRED_FIELD,-0.7758103621640965,3,90|820|2167,820,90|2167
W325S,325,1,1,1,CORE,,-0.6985672116653903,1,2160,2160,
W325T,325,1,1,1,CORE,,-1.0965074436407127,1,2153,2153,
W325V,325,2,2,2,CORE,,-0.7101702009864798,2,2157|2288,2157|2288,
W325Y,325,3,3,3,EXTENDED,MISSING_REQUIRED_FIELD,-0.502856280605999,4,2151|2812|4262|4270,2151|4262|4270,2812
H328A,328,1,1,1,CORE,,-0.01496347858575817,1,3388,3388,
H328K,328,3,3,3,CORE,,-0.03196028192533126,3,2339|2379|3264,2339|2379|3264,
H328P,328,1,1,1,CORE,,-2.577111331440676,1,3100,3100,
P329N,329,0,0,0,QUARANTINE,EXPRESSION_CONTRADICTION|MISSING_REQUIRED_FIELD,,1,96,,96
S331A,331,1,1,0,EXTENDED,WT_BASELINE_GLOBAL_ONLY|MISSING_REQUIRED_FIELD,0.26090464492321,1,97,97,
S331G,331,2,2,1,EXTENDED,MISSING_REQUIRED_FIELD,0.1495744948889821,2,171|4322,171|4322,
S331T,331,1,1,1,CORE,,-1.3713380511193416,1,2533,2533,
Y333F,333,5,5,5,EXTENDED,WT_BASELINE_GLOBAL_ONLY|REPLICATE_STRONG_REVERSAL|CONTEXT_DEPENDENT_EFFECT,0.037651200497719,5,629|673|691|3167|3213,629|673|691|3167|3213,
K334D,334,1,1,0,EXTENDED,MISSING_REQUIRED_FIELD,-0.5174839605698461,1,214,214,
L336S,336,1,1,0,EXTENDED,MISSING_REQUIRED_FIELD,-0.8057212382942597,1,183,183,
E340A,340,4,4,4,CORE,,0.27635011457863573,4,2334|2368|3326|4564,2334|2368|3326|4564,
E340K,340,1,1,1,CORE,,0.1763428143582058,1,4451,4451,
E340S,340,1,1,1,CORE,,0.09712163933589191,1,2020,2020,
K341A,341,2,2,1,EXTENDED,WT_BASELINE_GLOBAL_ONLY|MISSING_REQUIRED_FIELD,0.29131327763530795,2,98|1134,98|1134,
F343E,343,1,1,1,EXTENDED,EXPRESSION_CONTRADICTION|MISSING_REQUIRED_FIELD,-2.0155737611677127,2,3758|3815,3815,3758
F343S,343,0,0,0,QUARANTINE,EXPRESSION_CONTRADICTION|MISSING_REQUIRED_FIELD,,1,99,,99
L350I,350,2,2,1,EXTENDED,REPLICATE_STRONG_REVERSAL|REPLICATE_HIGH_SPREAD|MISSING_REQUIRED_FIELD,-0.4515069983101833,2,191|3219,191|3219,
I351V,351,1,1,0,EXTENDED,MISSING_REQUIRED_FIELD,-0.21820248778812953,1,203,203,
T352A,352,2,2,1,EXTENDED,EXPRESSION_CONTRADICTION|WT_BASELINE_GLOBAL_ONLY|MISSING_REQUIRED_FIELD,-1.0007632358092327,3,100|1594|3293,100|3293,1594
T352G,352,1,1,1,CORE,,-1.287777191101419,1,2048,2048,
T352L,352,1,1,1,CORE,,-2.2805238897105884,1,4076,4076,
T352P,352,1,1,1,CORE,,-0.06955178372065932,1,666,666,
T352S,352,1,1,1,EXTENDED,EXPRESSION_CONTRADICTION|MISSING_REQUIRED_FIELD,-0.7558454893358816,2,311|332,311,332
T352V,352,2,2,2,EXTENDED,WT_BASELINE_GLOBAL_ONLY|MISSING_REQUIRED_FIELD,-0.5339331396192746,3,1349|1353|1602,1349|1353,1602
T352W,352,0,0,0,QUARANTINE,EXPRESSION_CONTRADICTION|MISSING_REQUIRED_FIELD,,1,2493,,2493
E353A,353,0,0,0,QUARANTINE,MISSING_REQUIRED_FIELD,,1,101,,101
E353D,353,1,1,1,CORE,,-2.401068233059536,1,644,644,
N354A,354,1,1,0,EXTENDED,WT_BASELINE_GLOBAL_ONLY|MISSING_REQUIRED_FIELD,-2.3223467831829776,1,102,102,
N354S,354,2,2,2,CORE,,-0.8667289456818652,2,3126|3389,3126|3389,
G355A,355,0,0,0,QUARANTINE,EXPRESSION_CONTRADICTION|MISSING_REQUIRED_FIELD,,1,103,,103
G355N,355,1,1,1,CORE,,-3.552909698601258,1,2461,2461,
A356T,356,1,1,1,CORE,,0.24767022499521382,1,3347,3347,
M358T,358,1,1,0,EXTENDED,WT_BASELINE_GLOBAL_ONLY|MISSING_REQUIRED_FIELD,-0.058026842962818015,1,104,104,
L362M,362,1,1,0,EXTENDED,WT_BASELINE_GLOBAL_ONLY|MISSING_REQUIRED_FIELD,0.23276188958382113,1,105,105,
V363N,363,1,1,0,EXTENDED,MISSING_REQUIRED_FIELD,-0.16468619017668074,1,217,217,
V363Q,363,2,2,2,EXTENDED,REPLICATE_HIGH_SPREAD|CONTEXT_DEPENDENT_EFFECT,-0.6075292422684636,2,2096|2104,2096|2104,
G365N,365,1,1,0,EXTENDED,MISSING_REQUIRED_FIELD,0.12639551054127576,1,166,166,
R372F,372,1,1,1,CORE,,-2.920112901953244,1,3084,3084,
R372H,372,1,1,1,CORE,,-0.06072679270525889,1,3085,3085,
R372W,372,1,1,1,CORE,,-2.5384549570724184,1,3087,3087,
R372Y,372,1,1,1,CORE,,-2.5249704866027622,1,3088,3088,
H373R,373,1,1,0,EXTENDED,WT_BASELINE_GLOBAL_ONLY|MISSING_REQUIRED_FIELD,0.03654110692288786,1,106,106,
Y375H,375,1,1,0,EXTENDED,MISSING_REQUIRED_FIELD,-0.2926219298110984,1,184,184,
Y375T,375,1,1,1,EXTENDED,WT_BASELINE_GLOBAL_ONLY,-2.99634336753476,1,3750,3750,
E377Q,377,1,1,1,CORE,,0.45720294276525536,1,324,324,
E377S,377,1,1,0,EXTENDED,MISSING_REQUIRED_FIELD,-0.07320160769172039,1,207,207,
H379R,379,0,0,0,QUARANTINE,MISSING_REQUIRED_FIELD,,1,107,,107
H379T,379,0,0,0,QUARANTINE,EXPRESSION_CONTRADICTION|MISSING_REQUIRED_FIELD,,1,108,,108
H379Y,379,7,7,7,EXTENDED,REPLICATE_STRONG_REVERSAL|REPLICATE_HIGH_SPREAD|CONTEXT_DEPENDENT_EFFECT|MISSING_REQUIRED_FIELD,-0.05882068246583804,12,1217|2512|2569|2577|2579|2585|2588|2724|2726|2770|2775|2776,1217|2512|2569|2577|2579|2585|2588,2724|2726|2770|2775|2776
H384A,384,1,1,0,EXTENDED,MISSING_REQUIRED_FIELD,-0.1624360010852915,1,215,215,
H384I,384,2,1,1,CORE,,-0.21031754021517846,2,3243|3249,3243|3249,
H384R,384,1,1,0,EXTENDED,MISSING_REQUIRED_FIELD,-1.4592076480231981,1,174,174,
I387K,387,1,1,1,CORE,,-0.8371391610195581,1,1716,1716,
E388D,388,3,2,2,CORE,,-0.022872424825581404,3,4219|4375|4377,4219|4375|4377,
E388F,388,1,1,1,CORE,,-0.13193775149129972,1,761,761,
E388G,388,1,1,1,CORE,,0.1797583928310825,1,1146,1146,
E388H,388,3,3,3,EXTENDED,WT_BASELINE_GLOBAL_ONLY|REPLICATE_STRONG_REVERSAL|CONTEXT_DEPENDENT_EFFECT,0.2711468133874052,3,3811|3812|3816,3811|3812|3816,
E388L,388,3,3,3,EXTENDED,REPLICATE_STRONG_REVERSAL|REPLICATE_HIGH_SPREAD|CONTEXT_DEPENDENT_EFFECT,-0.21648303915104272,3,755|1168|3327,755|1168|3327,
E388R,388,1,1,1,CORE,,-0.034418111302879875,1,759,759,
E389R,389,0,0,0,QUARANTINE,MISSING_REQUIRED_FIELD,,1,3220,,3220
Q392N,392,1,1,0,EXTENDED,MISSING_REQUIRED_FIELD,-0.058461060182917156,1,240,240,
Y396C,396,0,0,0,QUARANTINE,EXPRESSION_CONTRADICTION|MISSING_REQUIRED_FIELD,,1,1710,,1710
Y396D,396,0,0,0,QUARANTINE,EXPRESSION_CONTRADICTION|MISSING_REQUIRED_FIELD,,1,1706,,1706
Y396E,396,0,0,0,QUARANTINE,EXPRESSION_CONTRADICTION|MISSING_REQUIRED_FIELD,,1,1691,,1691
Y396F,396,1,1,1,CORE,,-0.19580131711309479,1,1693,1693,
Y396G,396,0,0,0,QUARANTINE,EXPRESSION_CONTRADICTION|MISSING_REQUIRED_FIELD,,1,1707,,1707
Y396P,396,0,0,0,QUARANTINE,EXPRESSION_CONTRADICTION|MISSING_REQUIRED_FIELD,,2,1708|1711,,1708|1711
Y396Q,396,0,0,0,QUARANTINE,EXPRESSION_CONTRADICTION|MISSING_REQUIRED_FIELD,,1,3751,,3751
Y396R,396,0,0,0,QUARANTINE,EXPRESSION_CONTRADICTION|MISSING_REQUIRED_FIELD,,1,3111,,3111
Y396S,396,0,0,0,QUARANTINE,EXPRESSION_CONTRADICTION|MISSING_REQUIRED_FIELD,,1,1709,,1709
Y396V,396,0,0,0,QUARANTINE,EXPRESSION_CONTRADICTION|MISSING_REQUIRED_FIELD,,1,1712,,1712
Y396W,396,1,1,1,CORE,,-0.85294317384585,1,1702,1702,
F397A,397,1,1,1,CORE,,-0.6729986961568454,1,2757,2757,
F397C,397,1,1,1,CORE,,-0.8397864553723259,1,3848,3848,
F397D,397,0,0,0,QUARANTINE,EXPRESSION_CONTRADICTION|MISSING_REQUIRED_FIELD,,1,2758,,2758
F397E,397,0,0,0,QUARANTINE,EXPRESSION_CONTRADICTION|MISSING_REQUIRED_FIELD,,1,2755,,2755
F397G,397,0,0,0,QUARANTINE,EXPRESSION_CONTRADICTION|MISSING_REQUIRED_FIELD,,1,2760,,2760
F397H,397,1,1,1,EXTENDED,EXPRESSION_CONTRADICTION|MISSING_REQUIRED_FIELD,-0.6526547982586117,2,2074|3852,3852,2074
F397I,397,1,1,1,CORE,,-0.034987519859753326,1,2754,2754,
F397K,397,0,0,0,QUARANTINE,EXPRESSION_CONTRADICTION|MISSING_REQUIRED_FIELD,,1,2774,,2774
F397L,397,1,1,1,CORE,,-0.40305506637028354,1,3853,3853,
F397M,397,1,1,1,CORE,,0.001394991214828009,1,3850,3850,
F397N,397,1,1,1,CORE,,-0.504015075949452,1,2767,2767,
F397R,397,0,0,0,QUARANTINE,EXPRESSION_CONTRADICTION|MISSING_REQUIRED_FIELD,,1,2753,,2753
F397S,397,1,1,1,CORE,,-0.238834047002499,1,2759,2759,
F397T,397,1,1,1,CORE,,-0.5357829419722242,1,3851,3851,
F397V,397,0,0,0,QUARANTINE,EXPRESSION_CONTRADICTION,,1,2768,,2768
F397W,397,1,1,1,CORE,,-0.4355382272135236,1,2764,2764,
F397Y,397,1,1,1,EXTENDED,EXPRESSION_CONTRADICTION|MISSING_REQUIRED_FIELD,0.18025348996671844,2,2756|4221,4221,2756
V398N,398,1,1,1,CORE,,-0.1827034168580356,1,1994,1994,
W399A,399,0,0,0,QUARANTINE,MISSING_REQUIRED_FIELD,,1,111,,111
W399C,399,1,1,0,EXTENDED,WT_BASELINE_GLOBAL_ONLY|MISSING_REQUIRED_FIELD,-3.4387051249299945,1,110,110,
W399G,399,0,0,0,QUARANTINE,MISSING_REQUIRED_FIELD,,1,112,,112
W399Q,399,1,1,1,CORE,,-3.39871641711308,1,3207,3207,
W399R,399,0,0,0,QUARANTINE,MISSING_REQUIRED_FIELD,,1,109,,109
W399S,399,0,0,0,QUARANTINE,MISSING_REQUIRED_FIELD,,1,113,,113
W399Y,399,1,1,1,CORE,,-1.2620684547842782,1,4259,4259,
S400A,400,1,1,0,EXTENDED,WT_BASELINE_GLOBAL_ONLY|MISSING_REQUIRED_FIELD,0.2037758578628913,1,114,114,
S400G,400,1,1,0,EXTENDED,MISSING_REQUIRED_FIELD,-1.2087333554715023,1,162,162,
S400W,400,0,0,0,QUARANTINE,EXPRESSION_CONTRADICTION|MISSING_REQUIRED_FIELD,,1,2494,,2494
F401K,401,0,0,0,QUARANTINE,MISSING_REQUIRED_FIELD,,1,3868,,3868
L402C,402,1,1,0,EXTENDED,MISSING_REQUIRED_FIELD,0.2839029342205122,1,145,145,
L402E,402,1,1,0,EXTENDED,MISSING_REQUIRED_FIELD,-0.8645726721123835,1,140,140,
D403A,403,0,0,0,QUARANTINE,EXPRESSION_CONTRADICTION|MISSING_REQUIRED_FIELD,,1,115,,115
N404A,404,4,4,3,EXTENDED,WT_BASELINE_GLOBAL_ONLY|MISSING_REQUIRED_FIELD,-2.2351528307277526,4,116|707|4342|4354,116|707|4342|4354,
N404C,404,3,3,2,EXTENDED,WT_BASELINE_GLOBAL_ONLY|MISSING_REQUIRED_FIELD,-1.6231090013058722,3,117|2458|4319,117|2458|4319,
N404D,404,2,2,2,EXTENDED,REPLICATE_HIGH_SPREAD|CONTEXT_DEPENDENT_EFFECT,-1.1247376395697688,2,709|3866,709|3866,
N404E,404,5,5,5,EXTENDED,WT_BASELINE_GLOBAL_ONLY|REPLICATE_HIGH_SPREAD|CONTEXT_DEPENDENT_EFFECT,-2.200921029129257,5,1115|1291|1507|1555|2017,1115|1291|1507|1555|2017,
N404L,404,3,3,3,CORE,,-2.021240064485029,3,1233|1558|2016,1233|1558|2016,
N404M,404,7,7,7,EXTENDED,WT_BASELINE_GLOBAL_ONLY|MISSING_REQUIRED_FIELD,-2.04362624349846,8,822|1071|1559|2097|2341|3294|3330|3391,822|1071|1559|2097|2341|3294|3330,3391
N404Q,404,3,3,3,CORE,,-2.93706218989583,3,1119|1560|2098,1119|1560|2098,
N404S,404,2,2,1,EXTENDED,MISSING_REQUIRED_FIELD,-1.9033737164057198,2,220|3726,220|3726,
E406A,406,0,0,0,QUARANTINE,MISSING_REQUIRED_FIELD,,1,118,,118
E406C,406,0,0,0,QUARANTINE,MISSING_REQUIRED_FIELD,,1,4034,,4034
E406D,406,4,4,3,EXTENDED,WT_BASELINE_GLOBAL_ONLY|MISSING_REQUIRED_FIELD,-1.9230092705637702,4,119|2467|4030|4248,119|2467|4030|4248,
E406F,406,0,0,0,QUARANTINE,MISSING_REQUIRED_FIELD,,1,437,,437
E406G,406,0,0,0,QUARANTINE,MISSING_REQUIRED_FIELD,,1,4040,,4040
E406H,406,1,1,1,CORE,,-1.5579423605431764,1,745,745,
E406I,406,0,0,0,QUARANTINE,MISSING_REQUIRED_FIELD,,1,4039,,4039
E406K,406,0,0,0,QUARANTINE,MISSING_REQUIRED_FIELD,,1,3210,,3210
E406L,406,0,0,0,QUARANTINE,MISSING_REQUIRED_FIELD,,1,4042,,4042
E406M,406,0,0,0,QUARANTINE,MISSING_REQUIRED_FIELD,,1,4036,,4036
E406N,406,0,0,0,QUARANTINE,MISSING_REQUIRED_FIELD,,1,4035,,4035
E406P,406,0,0,0,QUARANTINE,MISSING_REQUIRED_FIELD,,1,4041,,4041
E406Q,406,5,5,5,CORE,,-2.589542088230327,5,1553|2044|2855|2866|3295,1553|2044|2855|2866|3295,
E406S,406,0,0,0,QUARANTINE,MISSING_REQUIRED_FIELD,,1,4037,,4037
E406T,406,2,2,1,EXTENDED,REPLICATE_HIGH_SPREAD|MISSING_REQUIRED_FIELD,-2.6354273823362773,2,139|4038,139|4038,
E406W,406,0,0,0,QUARANTINE,MISSING_REQUIRED_FIELD,,1,4029,,4029
E406Y,406,0,0,0,QUARANTINE,MISSING_REQUIRED_FIELD,,1,4033,,4033
W407A,407,1,1,1,EXTENDED,MISSING_REQUIRED_FIELD,-3.4064156994312147,2,120|3297,3297,120
W407D,407,3,3,3,EXTENDED,REPLICATE_HIGH_SPREAD|CONTEXT_DEPENDENT_EFFECT,-3.393210011260321,3,1130|3296|3301,1130|3296|3301,
W407E,407,0,0,0,QUARANTINE,EXPRESSION_CONTRADICTION|MISSING_REQUIRED_FIELD,,1,3801,,3801
W407F,407,3,3,3,CORE,,-2.4335871076364355,3,764|2037|3302,764|2037|3302,
W407G,407,0,0,0,QUARANTINE,EXPRESSION_CONTRADICTION|MISSING_REQUIRED_FIELD,,1,121,,121
W407H,407,2,2,2,EXTENDED,REPLICATE_HIGH_SPREAD|CONTEXT_DEPENDENT_EFFECT,-2.639187926804458,2,811|2365,811|2365,
W407K,407,1,1,0,EXTENDED,EXPRESSION_CONTRADICTION|MISSING_REQUIRED_FIELD,-2.7823778439848352,3,122|147|2268,147,122|2268
W407L,407,0,0,0,QUARANTINE,MISSING_REQUIRED_FIELD,,1,2274,,2274
W407N,407,0,0,0,QUARANTINE,MISSING_REQUIRED_FIELD,,2,3728|3797,,3728|3797
W407Q,407,0,0,0,QUARANTINE,EXPRESSION_CONTRADICTION|MISSING_REQUIRED_FIELD,,1,123,,123
W407R,407,0,0,0,QUARANTINE,EXPRESSION_CONTRADICTION|MISSING_REQUIRED_FIELD,,2,124|2514,,124|2514
W407S,407,0,0,0,QUARANTINE,EXPRESSION_CONTRADICTION|MISSING_REQUIRED_FIELD,,1,3047,,3047
W407Y,407,0,0,0,QUARANTINE,EXPRESSION_CONTRADICTION|MISSING_REQUIRED_FIELD,,1,125,,125
A408F,408,1,1,0,EXTENDED,MISSING_REQUIRED_FIELD,-1.2237761024379217,1,206,206,
A408H,408,2,1,1,EXTENDED,MISSING_REQUIRED_FIELD,-0.5374829103146069,3,3171|3362|3370,3362|3370,3171
A408K,408,3,3,2,EXTENDED,MISSING_REQUIRED_FIELD,-0.3256115693646481,3,208|3431|3878,208|3431|3878,
A408S,408,1,1,1,CORE,,-0.30815861626179275,1,2063,2063,
A408T,408,1,1,1,EXTENDED,WT_BASELINE_GLOBAL_ONLY,-0.8504372886779366,1,1548,1548,
W409A,409,3,3,3,CORE,,-0.30848428181813087,3,2264|3067|3804,2264|3067|3804,
W409C,409,1,1,1,CORE,,0.21968427192853293,1,2270,2270,
W409D,409,3,3,2,EXTENDED,REPLICATE_STRONG_REVERSAL|REPLICATE_HIGH_SPREAD|CONTEXT_DEPENDENT_EFFECT|MISSING_REQUIRED_FIELD,0.27374551317714946,3,134|3752|3753,134|3752|3753,
W409E,409,5,5,3,EXTENDED,WT_BASELINE_GLOBAL_ONLY|MISSING_REQUIRED_FIELD,0.3108713006506487,5,830|832|1098|2256|3298,830|832|1098|2256|3298,
W409F,409,2,2,2,CORE,,0.14312509553656774,2,335|3063,335|3063,
W409G,409,1,1,0,EXTENDED,MISSING_REQUIRED_FIELD,-1.614119043939389,1,219,219,
W409H,409,3,3,3,CORE,,0.07178117324263893,3,2278|3036|3057,2278|3036|3057,
W409I,409,2,2,2,EXTENDED,REPLICATE_HIGH_SPREAD|CONTEXT_DEPENDENT_EFFECT,-0.5145588686165513,2,2271|3059,2271|3059,
W409K,409,2,2,2,EXTENDED,REPLICATE_HIGH_SPREAD|CONTEXT_DEPENDENT_EFFECT,-0.7644977466915882,2,3068|4058,3068|4058,
W409L,409,1,1,1,CORE,,0.042547161080364736,1,2276,2276,
W409M,409,1,1,1,CORE,,-1.438010997722858,1,3066,3066,
W409N,409,2,2,2,CORE,,-0.2303425707846592,2,2091|2253,2091|2253,
W409P,409,0,0,0,QUARANTINE,EXPRESSION_CONTRADICTION|MISSING_REQUIRED_FIELD,,1,2269,,2269
W409R,409,3,3,3,CORE,,-0.3664385272071631,3,732|1099|3487,732|1099|3487,
W409S,409,1,1,1,CORE,,-0.08423805043124287,1,2254,2254,
W409T,409,2,2,2,EXTENDED,REPLICATE_STRONG_REVERSAL|REPLICATE_HIGH_SPREAD|CONTEXT_DEPENDENT_EFFECT,-0.016688160259428764,2,2273|3065,2273|3065,
W409V,409,1,1,1,CORE,,-0.16236743113977012,1,2280,2280,
W409Y,409,3,3,2,EXTENDED,WT_BASELINE_GLOBAL_ONLY|MISSING_REQUIRED_FIELD,0.40983306985320705,3,126|1544|3799,126|1544|3799,
Y411R,411,2,1,1,EXTENDED,WT_BASELINE_GLOBAL_ONLY,-0.5042081754759727,2,841|867,841|867,
K413A,413,1,1,1,CORE,,-0.20566443172344864,1,3378,3378,
K413Q,413,1,1,1,CORE,,0.009196602033309022,1,1126,1126,
K413R,413,1,1,1,CORE,,-0.034270827730138266,1,345,345,
R414K,414,1,1,1,CORE,,-1.6001497518535115,1,3572,3572,
F415A,415,0,0,0,QUARANTINE,MISSING_REQUIRED_FIELD,,3,127|3956|3963,,127|3956|3963
F415D,415,0,0,0,QUARANTINE,MISSING_REQUIRED_FIELD,,1,3967,,3967
F415H,415,3,2,2,CORE,,-1.9136128213520052,3,3573|4361|4362,3573|4361|4362,
F415I,415,0,0,0,QUARANTINE,MISSING_REQUIRED_FIELD,,1,3957,,3957
F415K,415,0,0,0,QUARANTINE,MISSING_REQUIRED_FIELD,,1,3955,,3955
F415M,415,2,2,2,CORE,,-1.6267582325157481,2,3951|3960,3951|3960,
F415N,415,0,0,0,QUARANTINE,MISSING_REQUIRED_FIELD,,1,128,,128
F415P,415,0,0,0,QUARANTINE,MISSING_REQUIRED_FIELD,,1,3952,,3952
F415T,415,0,0,0,QUARANTINE,MISSING_REQUIRED_FIELD,,1,3969,,3969
F415V,415,0,0,0,QUARANTINE,MISSING_REQUIRED_FIELD,,1,3964,,3964
F415W,415,1,1,1,CORE,,-1.4394155098665706,1,3968,3968,
F415Y,415,2,2,1,EXTENDED,MISSING_REQUIRED_FIELD,-0.6616316475347743,2,143|3429,143|3429,
G416A,416,2,1,1,CORE,,-2.91522639273072,2,4364|4365,4364|4365,
I417H,417,1,1,1,CORE,,-1.5923379550665064,1,3859,3859,
H419Y,419,2,2,1,EXTENDED,MISSING_REQUIRED_FIELD,0.12385539020129427,2,168|1131,168|1131,
N421D,421,3,3,3,CORE,,-0.059508618354472194,3,3545|3551|3555,3545|3551|3555,
Y422F,422,1,1,1,CORE,,-0.9683041560320718,1,1225,1225,
E423S,423,1,1,0,EXTENDED,WT_BASELINE_GLOBAL_ONLY|MISSING_REQUIRED_FIELD,-0.02194145797628056,1,129,129,
T424H,424,1,1,1,CORE,,-0.9790631899658196,1,3855,3855,
R427H,427,2,2,2,CORE,,-1.6902347982876924,2,2043|3222,2043|3222,
R427L,427,4,2,2,CORE,,0.2780403296988134,4,1095|1135|3299|4565,1095|1135|3299|4565,
R427W,427,1,1,1,CORE,,-0.5094335406146416,1,333,333,
P429A,429,1,1,1,CORE,,-0.6325926769014486,1,2524,2524,
L434S,434,2,2,2,CORE,,0.36619930051421257,2,2064|3441,2064|3441,
W435Y,435,1,1,0,EXTENDED,MISSING_REQUIRED_FIELD,-0.15261140050589256,2,829|2806,829,2806
A441V,441,1,1,0,EXTENDED,MISSING_REQUIRED_FIELD,0.2647140034384378,1,229,229,
