mutation_id,evaluation,model,prediction,observed_delta_log10_eff,catpred_efficiency_ratio,catpred_wt_efficiency_ratio,catpred_input_rows
S17A,position_holdout,raw_catpred,-0.004689556697551142,-0.398835084468911,60.93495663033169,61.59650388918622,2
S17E,position_holdout,raw_catpred,0.0019190074207012906,-0.07046870405200158,61.86928121215904,61.59650388918622,1
Q19A,position_holdout,raw_catpred,0.01985617311654856,-3.2909054958474826,64.47810069908799,61.59650388918622,2
Q19T,position_holdout,raw_catpred,0.018746051703972155,-1.589198484158677,64.31349553272482,61.59650388918622,3
G23A,position_holdout,raw_catpred,0.018600397686280898,0.08541193519897938,64.29192963967503,61.59650388918622,3
D35E,position_holdout,raw_catpred,0.005416763389383108,-1.564243330882989,62.36958099836316,61.59650388918622,1
D35W,position_holdout,raw_catpred,0.008210065043528012,-1.8407381268967689,62.77202341951143,61.59650388918622,2
C49S,position_holdout,raw_catpred,0.017962041414301747,-0.13250472387005577,64.19749830234505,61.59650388918622,1
F57Y,position_holdout,raw_catpred,0.02407495085581683,-0.7000594991911967,65.10749914620627,61.59650388918622,2
K68H,position_holdout,raw_catpred,-0.023405804869724434,0.0005267990725034213,58.36470008614728,61.59650388918622,2
R76L,position_holdout,raw_catpred,-0.029302681426396998,-2.772315432138691,57.577576581463454,61.59650388918622,1
R76N,position_holdout,raw_catpred,-0.08099425915877273,-1.847098243781371,51.11658172279496,61.59650388918622,1
R76Q,position_holdout,raw_catpred,-0.0358070004060756,-2.729678381490047,56.72167702529548,61.59650388918622,1
F77W,position_holdout,raw_catpred,-0.020440340487130892,-2.4580882292289696,58.764591643255166,61.59650388918622,1
P82A,position_holdout,raw_catpred,0.026124070371678132,-0.08132262942241476,65.41541989542341,61.59650388918622,1
P82C,position_holdout,raw_catpred,0.02060763798183478,-0.036016354250188176,64.58976449609021,61.59650388918622,1
P82E,position_holdout,raw_catpred,0.06389117048639965,-1.6482822440582283,71.35874995125505,61.59650388918622,1
P82G,position_holdout,raw_catpred,0.05950079814428803,-0.034041594850822754,70.64100368961884,61.59650388918622,1
P82S,position_holdout,raw_catpred,0.023755466786497554,-0.030268979789202413,65.05962112664375,61.59650388918622,1
P82T,position_holdout,raw_catpred,0.011918924386362675,-0.2674915140542718,63.31038979730524,61.59650388918622,1
D121Q,position_holdout,raw_catpred,0.05168271751085199,-1.8713229992949294,69.3807165081295,61.59650388918622,1
M149I,position_holdout,raw_catpred,0.001875063171496023,-0.17785058274461676,61.86302126256651,61.59650388918622,1
N160A,position_holdout,raw_catpred,-0.015683482707042506,-0.08096421224635098,59.41178220957777,61.59650388918622,1
N160C,position_holdout,raw_catpred,0.013597735085244693,0.222990308227191,63.555596354762336,61.59650388918622,2
N160G,position_holdout,raw_catpred,-0.06509034654711901,-0.8929835576583324,53.023173414341926,61.59650388918622,2
N160H,position_holdout,raw_catpred,-0.012107998856066851,-0.6256568716189773,59.90292984592912,61.59650388918622,1
N160S,position_holdout,raw_catpred,-0.03538512131972129,-0.013220370438209396,56.776803942264365,61.59650388918622,2
N160V,position_holdout,raw_catpred,-0.017821966856249375,-0.2730400458273243,59.119955188959885,61.59650388918622,4
C167A,position_holdout,raw_catpred,-0.008269525659775992,-0.49704666477150805,60.434723212045455,61.59650388918622,1
C167D,position_holdout,raw_catpred,0.02941138429728058,-1.704847861659815,65.91244885678528,61.59650388918622,1
C167E,position_holdout,raw_catpred,0.08993220613800246,-0.5414681528988533,75.76842666541732,61.59650388918622,1
C167H,position_holdout,raw_catpred,-0.08346076666167822,-0.23923799465975792,50.82709592409391,61.59650388918622,2
C167N,position_holdout,raw_catpred,0.05411379283290618,-0.02970500475575156,69.77018200466226,61.59650388918622,3
C167Q,position_holdout,raw_catpred,-0.04541286423785243,-0.002495843907896124,55.48086184479215,61.59650388918622,1
C167S,position_holdout,raw_catpred,0.005497522735667526,-2.504487784971092,62.38118002885954,61.59650388918622,2
C167T,position_holdout,raw_catpred,-0.03269613884686116,-1.0688185941556625,57.12943437235557,61.59650388918622,2
I170A,position_holdout,raw_catpred,0.04376004390625146,0.3398989749066281,68.12650460268338,61.59650388918622,2
I170V,position_holdout,raw_catpred,-0.01691670938501108,-0.03957821278682533,59.24331525979096,61.59650388918622,3
I170Y,position_holdout,raw_catpred,-0.025772091894766105,-0.21808275276933078,58.047560275198286,61.59650388918622,1
H178A,position_holdout,raw_catpred,-0.04634751475740888,-0.8428907627226847,55.361589186749256,61.59650388918622,1
H178C,position_holdout,raw_catpred,-0.0651121155786819,-0.30033101502180193,53.02051569186224,61.59650388918622,2
H178F,position_holdout,raw_catpred,-0.04259810975162211,-0.4388492726846375,55.84161284583719,61.59650388918622,2
H178K,position_holdout,raw_catpred,-0.029405480345813986,-1.6620205400874382,57.56394939428024,61.59650388918622,1
H178N,position_holdout,raw_catpred,-0.01717739807827471,-0.09821058272387277,59.207764662672886,61.59650388918622,3
H178Q,position_holdout,raw_catpred,-0.04045954874322735,-0.614108926439944,56.11726729435173,61.59650388918622,1
H178R,position_holdout,raw_catpred,-0.04860059456595268,-0.9003095408316583,55.07512208139332,61.59650388918622,2
H178S,position_holdout,raw_catpred,-0.05571083882668534,-1.5584199631769513,54.18077641719145,61.59650388918622,1
H178W,position_holdout,raw_catpred,-0.029988486070864878,-1.0821843449244835,57.48672622511843,61.59650388918622,2
H178Y,position_holdout,raw_catpred,-0.06169286871677237,-2.112838149668845,53.439599458200014,61.59650388918622,1
H182K,position_holdout,raw_catpred,0.025281429294172774,-0.09582127205067657,65.28862049608998,61.59650388918622,1
H182Q,position_holdout,raw_catpred,0.006239062056162182,-0.013042696241545075,62.48778422055742,61.59650388918622,1
H182R,position_holdout,raw_catpred,0.035543042963618314,-0.23849332395021527,66.84964510919218,61.59650388918622,1
H182S,position_holdout,raw_catpred,-0.008219324317586308,-0.13145824708554243,60.44170943844742,61.59650388918622,1
H182T,position_holdout,raw_catpred,0.019003721507582328,-0.1763348283957285,64.35166447905115,61.59650388918622,1
H182Y,position_holdout,raw_catpred,-0.0024611516413706146,-0.056365301508948064,61.24842303966121,61.59650388918622,1
L219M,position_holdout,raw_catpred,-0.03371102520699703,-0.1752216163486687,56.99608662477795,61.59650388918622,1
L219Q,position_holdout,raw_catpred,0.007618755897282021,-0.5639516806612287,62.68661497893534,61.59650388918622,2
L219R,position_holdout,raw_catpred,0.002339611203587225,0.07322095484092088,61.92922915056722,61.59650388918622,1
L219V,position_holdout,raw_catpred,-0.0376683568471627,-0.20738715588799567,56.47909202037787,61.59650388918622,1
N220A,position_holdout,raw_catpred,-0.13126508885628962,-0.8790058120101711,45.529300104808435,61.59650388918622,4
N220C,position_holdout,raw_catpred,-0.09018880333913008,0.06940184901323457,50.04575664050545,61.59650388918622,3
N220D,position_holdout,raw_catpred,-0.03171844699096693,-1.1271068931421442,57.2581900972004,61.59650388918622,2
N220E,position_holdout,raw_catpred,-0.14339296687702432,-1.715769846406159,44.27546144721546,61.59650388918622,3
N220F,position_holdout,raw_catpred,-0.23706096248660805,0.5258422580142463,35.68577234265449,61.59650388918622,12
N220G,position_holdout,raw_catpred,-0.06654760757019103,-1.740605446288456,52.84555404342944,61.59650388918622,2
N220H,position_holdout,raw_catpred,-0.16934601621013504,-0.9170618615696369,41.7071051424562,61.59650388918622,2
N220K,position_holdout,raw_catpred,-0.042749956761739254,0.2563989471560445,55.82209176024108,61.59650388918622,2
N220L,position_holdout,raw_catpred,-0.13322787597537797,-0.23604421666469974,45.32399543010288,61.59650388918622,3
N220M,position_holdout,raw_catpred,-0.13599155109331496,0.2588472084365563,45.036487545336875,61.59650388918622,2
N220P,position_holdout,raw_catpred,-0.07984148930876553,-0.5798668505049427,51.25244328820565,61.59650388918622,1
N220Q,position_holdout,raw_catpred,-0.15775943158144126,-0.880817336223541,42.83478895369653,61.59650388918622,2
N220R,position_holdout,raw_catpred,-0.09987085790304621,-1.910323938856824,48.942393578688474,61.59650388918622,3
N220S,position_holdout,raw_catpred,-0.04313508158582089,-1.2313797871250396,55.77261163846968,61.59650388918622,3
N220T,position_holdout,raw_catpred,-0.19140071427389113,-3.376913908984459,39.64198097707292,61.59650388918622,2
N220V,position_holdout,raw_catpred,-0.11757658000141767,-0.17445492697219303,46.9871910392384,61.59650388918622,2
N220W,position_holdout,raw_catpred,-0.07810207837433458,0.17202036384534822,51.458128209115635,61.59650388918622,2
N220Y,position_holdout,raw_catpred,-0.16132901300325528,0.6777544908107466,42.48416139766561,61.59650388918622,3
H223A,position_holdout,raw_catpred,0.05710599554537754,-0.1293869657390303,70.25254448230092,61.59650388918622,4
H223S,position_holdout,raw_catpred,0.03287856061721759,-0.22941988278503817,66.44076490781764,61.59650388918622,1
R239C,position_holdout,raw_catpred,-0.02039658266347339,-0.4052283817385881,58.77051283335222,61.59650388918622,1
P251A,position_holdout,raw_catpred,-0.0191257732205381,0.05334694011845185,58.942735838094706,61.59650388918622,1
P251D,position_holdout,raw_catpred,-0.010077747414524925,-0.7125636673371454,60.18362124267297,61.59650388918622,1
P251F,position_holdout,raw_catpred,-0.02197071970235063,-1.3568060078707853,58.55787973076465,61.59650388918622,1
P251G,position_holdout,raw_catpred,-0.01923719326301809,-0.22897896838274956,58.92761577548842,61.59650388918622,1
P251L,position_holdout,raw_catpred,-0.02893963894674659,-0.7023676521450765,57.625727885042835,61.59650388918622,1
P251M,position_holdout,raw_catpred,-0.015316723816669623,-0.4572937951556307,59.46197626796363,61.59650388918622,1
P251N,position_holdout,raw_catpred,-0.011870357594952615,-1.2239753921399823,59.93571705329124,61.59650388918622,1
P251S,position_holdout,raw_catpred,-0.021066693088955393,-0.05306469135910527,58.679900663239835,61.59650388918622,3
P251T,position_holdout,raw_catpred,-0.013877188627243266,-0.3657637519355162,59.659399055650624,61.59650388918622,1
P251W,position_holdout,raw_catpred,-0.022743061070716823,-1.9013479967646885,58.45383401172558,61.59650388918622,1
W264H,position_holdout,raw_catpred,-0.024587583935898095,-0.26529661585804065,58.20609705465276,61.59650388918622,2
W264K,position_holdout,raw_catpred,0.05112069257506236,0.24472604032422057,69.29098828413358,61.59650388918622,1
W264R,position_holdout,raw_catpred,0.048253024198963525,-0.31105334647128297,68.83496362626538,61.59650388918622,1
W264Y,position_holdout,raw_catpred,0.00047205045109282266,-1.2080909598680694,61.663491766360536,61.59650388918622,1
T267E,position_holdout,raw_catpred,0.010689742515983203,0.11941702016190539,63.13145600095444,61.59650388918622,1
L272F,position_holdout,raw_catpred,0.022593891275133837,-2.4758753455695683,64.88584344149778,61.59650388918622,2
D288E,position_holdout,raw_catpred,-0.01959971319592267,0.006501101741066627,58.8784474744336,61.59650388918622,2
Y294A,position_holdout,raw_catpred,-0.06902373777263199,-0.4894522181421467,52.54511238902082,61.59650388918622,1
Y294F,position_holdout,raw_catpred,-0.03043372651750022,0.0750542165121615,57.42782080276766,61.59650388918622,1
I299R,position_holdout,raw_catpred,0.03212779586196047,0.05277932449389341,66.32600799390958,61.59650388918622,2
V311D,position_holdout,raw_catpred,0.029816581294017697,-0.6617433484442306,65.97397390576012,61.59650388918622,1
H328A,position_holdout,raw_catpred,0.0047779797535075965,-0.01496347858575817,62.27791190321973,61.59650388918622,1
H328K,position_holdout,raw_catpred,-0.008391380551338987,-0.03196028192533126,60.41776874011572,61.59650388918622,3
H328P,position_holdout,raw_catpred,0.002824621079952842,-2.577111331440676,61.9984288921748,61.59650388918622,1
E353D,position_holdout,raw_catpred,0.012584990787661326,-2.401068233059536,63.407561828026346,61.59650388918622,1
N354A,position_holdout,raw_catpred,0.016416658361177207,-2.3223467831829776,63.969465420318464,61.59650388918622,1
N354S,position_holdout,raw_catpred,0.026808966365227928,-0.8667289456818652,65.51866344818806,61.59650388918622,2
M358T,position_holdout,raw_catpred,0.005297249535764212,-0.058026842962818015,62.352419823772685,61.59650388918622,1
V363N,position_holdout,raw_catpred,-0.0024979047206018846,-0.16468619017668074,61.24323998302436,61.59650388918622,1
V363Q,position_holdout,raw_catpred,0.007978230611731068,-0.6075292422684636,62.73852349394283,61.59650388918622,2
R372F,position_holdout,raw_catpred,0.011809495903365047,-2.920112901953244,63.294439589642025,61.59650388918622,1
R372H,position_holdout,raw_catpred,0.00020451951043373755,-0.06072679270525889,61.62551796623406,61.59650388918622,1
R372W,position_holdout,raw_catpred,-0.0039960799186467,-2.5384549570724184,61.03233464206801,61.59650388918622,1
R372Y,position_holdout,raw_catpred,0.002092217542908547,-2.5249704866027622,61.89396152356999,61.59650388918622,1
H384A,position_holdout,raw_catpred,0.015971853665698275,-0.1624360010852915,63.90398139166158,61.59650388918622,1
H384I,position_holdout,raw_catpred,0.016094550526842586,-0.21031754021517846,63.92203809271642,61.59650388918622,2
H384R,position_holdout,raw_catpred,-0.006014800389394879,-1.4592076480231981,60.74929785243239,61.59650388918622,1
V398N,position_holdout,raw_catpred,-0.007242248885778517,-0.1827034168580356,60.57784423605032,61.59650388918622,1
Y411R,position_holdout,raw_catpred,0.014364016243979365,-0.5042081754759727,63.66783459039882,61.59650388918622,2
N421D,position_holdout,raw_catpred,-0.020243748300557942,-0.059508618354472194,58.791198646597095,61.59650388918622,3
Y422F,position_holdout,raw_catpred,0.013559164110254717,-0.9683041560320718,63.54995204527938,61.59650388918622,1
L434S,position_holdout,raw_catpred,-0.008862355650727228,0.36619930051421257,60.352283586385624,61.59650388918622,2
W435Y,position_holdout,raw_catpred,-0.0035519983150396894,-0.15261140050589256,61.0947742998546,61.59650388918622,2
S16A,position_holdout,raw_catpred,0.010850271188150322,-0.9745731273382879,63.15479565285525,61.59650388918622,1
E26K,position_holdout,raw_catpred,-0.010384242505463458,-0.19888359225139443,60.14116277770674,61.59650388918622,1
V52A,position_holdout,raw_catpred,0.006218120576561039,-0.5681884752684334,62.48477116106924,61.59650388918622,1
V52D,position_holdout,raw_catpred,0.002717713051967099,-0.19019351083325464,61.98316893767861,61.59650388918622,1
V52G,position_holdout,raw_catpred,0.011324423662800186,-0.09304449082046526,63.22378422274906,61.59650388918622,1
H59A,position_holdout,raw_catpred,-0.00600834563328062,0.06725198797701397,60.75020075318772,61.59650388918622,1
H59R,position_holdout,raw_catpred,0.02582613145401188,0.12123329488668952,65.3705583637854,61.59650388918622,5
K61A,position_holdout,raw_catpred,0.011363391248200358,0.024253585633884304,63.22945730597993,61.59650388918622,1
K61C,position_holdout,raw_catpred,-0.0395948987018246,0.20112953464063837,56.22910415469138,61.59650388918622,2
K61D,position_holdout,raw_catpred,-0.022562827148113963,-0.21561176759604334,58.47809761774732,61.59650388918622,1
K61E,position_holdout,raw_catpred,-0.0063957273797547376,-0.07880799005913672,60.6960369835357,61.59650388918622,1
K61F,position_holdout,raw_catpred,-0.0492010510269841,-0.4055234968270897,54.99902771839181,61.59650388918622,2
K61G,position_holdout,raw_catpred,-0.001275700265828747,-0.4841436442491717,61.4158352789679,61.59650388918622,2
K61H,position_holdout,raw_catpred,-0.013085811241179511,0.2734859939241113,59.76821034284842,61.59650388918622,1
K61I,position_holdout,raw_catpred,-0.011011616230463121,0.06445198389355274,60.05434669491638,61.59650388918622,1
K61L,position_holdout,raw_catpred,-0.002913660834404476,-0.16073869951161213,61.18463903662049,61.59650388918622,1
K61M,position_holdout,raw_catpred,-0.001294258508072537,-0.01238862332333848,61.413210917746966,61.59650388918622,1
K61N,position_holdout,raw_catpred,-0.002605971309374131,-0.08264689378042776,61.2280025693701,61.59650388918622,2
K61P,position_holdout,raw_catpred,-0.03219107141820982,-0.12026237846732013,57.19591230930429,61.59650388918622,1
K61Q,position_holdout,raw_catpred,0.0010739179364029532,-0.14672430954892812,61.74900742653134,61.59650388918622,1
K61R,position_holdout,raw_catpred,-0.008565570561237598,0.019929513317402003,60.39354079824778,61.59650388918622,1
K61S,position_holdout,raw_catpred,-0.014573313734720218,-0.04303870485711232,59.563848361811374,61.59650388918622,4
K61V,position_holdout,raw_catpred,-0.013280643213627916,-1.054583016938508,59.741403309448096,61.59650388918622,1
K61W,position_holdout,raw_catpred,-0.007458112226824488,-0.2966136943829749,60.54774188124656,61.59650388918622,1
K61Y,position_holdout,raw_catpred,-0.03075438892829824,0.017186047395029293,57.385434478405315,61.59650388918622,1
Q65G,position_holdout,raw_catpred,-0.012675233226087915,0.1909508191382581,59.824741377808934,61.59650388918622,1
I112E,position_holdout,raw_catpred,0.01662964447704437,0.11459590908155157,64.00084493345761,61.59650388918622,1
I112K,position_holdout,raw_catpred,0.030995929133606034,0.1575592894086162,66.1533729215984,61.59650388918622,1
L122Q,position_holdout,raw_catpred,0.0013264119913673187,0.0897458620153929,61.78491806112743,61.59650388918622,3
E129Q,position_holdout,raw_catpred,0.009369893952574359,0.06520849710168815,62.93988673233629,61.59650388918622,1
A145C,position_holdout,raw_catpred,-0.002715983077971905,0.058578228453258045,61.212494778976094,61.59650388918622,2
A145E,position_holdout,raw_catpred,-0.01655209418664186,-0.14868138221170968,59.29307431552533,61.59650388918622,1
Y166F,position_holdout,raw_catpred,-0.1136525053513821,-1.7762006526964713,47.41366836576737,61.59650388918622,2
Y166H,position_holdout,raw_catpred,-0.03805224142342642,-0.42807299165652357,56.42919068931261,61.59650388918622,2
Y166K,position_holdout,raw_catpred,-0.05526499713600879,-2.3921499216127167,54.236426335326094,61.59650388918622,1
Y166S,position_holdout,raw_catpred,-0.029210662266745267,-1.1980150623196106,57.58977752292823,61.59650388918622,1
Y166W,position_holdout,raw_catpred,-0.106476384682345,-2.0723859501355295,48.20362268912819,61.59650388918622,1
E183H,position_holdout,raw_catpred,0.00577942692302717,-0.4327584478546529,62.42168532027713,61.59650388918622,1
E183T,position_holdout,raw_catpred,-0.0031925595906553803,-0.06701966200790585,61.14535960213346,61.59650388918622,1
S203T,position_holdout,raw_catpred,-0.0005557000726548751,-0.028623244970683547,61.517738688312505,61.59650388918622,1
S203V,position_holdout,raw_catpred,0.0014932683961564974,0.14100970022446283,61.80866045341147,61.59650388918622,2
K214H,position_holdout,raw_catpred,-0.014602640980858285,-0.06516736259046682,59.55982624148725,61.59650388918622,1
K214T,position_holdout,raw_catpred,-0.010569012303302554,-0.44429658631484303,60.1155812715197,61.59650388918622,1
K214Y,position_holdout,raw_catpred,-0.0045913120165501226,0.08843668723167347,60.94874269670775,61.59650388918622,1
I215F,position_holdout,raw_catpred,0.029659009663850926,-0.1316042007586073,65.95004143275712,61.59650388918622,1
R240A,position_holdout,raw_catpred,-0.004436877694469693,-0.45902107983465495,60.97041981188742,61.59650388918622,6
R240D,position_holdout,raw_catpred,-0.018189323960623036,-0.5964075031274925,59.06996847793221,61.59650388918622,1
R240G,position_holdout,raw_catpred,-0.024713463450819914,-0.6079054006026194,58.189228561457846,61.59650388918622,2
R240K,position_holdout,raw_catpred,0.0003352726126741827,-0.2804616197384087,61.644074363055616,61.59650388918622,2
W247V,position_holdout,raw_catpred,-0.035023859519376574,-2.2303311382670516,56.82405258263689,61.59650388918622,1
L269I,position_holdout,raw_catpred,0.0003595705999847938,0.07528981431260703,61.64752333351275,61.59650388918622,1
L269V,position_holdout,raw_catpred,-0.002966208234541334,0.04070260828875692,61.17723645761802,61.59650388918622,3
N270G,position_holdout,raw_catpred,0.008556490669200677,-0.16972876372481957,62.822115036491866,61.59650388918622,3
N270W,position_holdout,raw_catpred,0.0006621052531681902,-0.03539515465881837,61.69048268588921,61.59650388918622,8
G271D,position_holdout,raw_catpred,-0.006455986730493587,-0.10565181860434647,60.687615854090865,61.59650388918622,4
T296A,position_holdout,raw_catpred,-0.023110462150633906,-4.065092682040231,58.40440460116193,61.59650388918622,2
T296C,position_holdout,raw_catpred,-0.02848115626928869,-0.8032878569342918,57.68659522268489,61.59650388918622,2
T296F,position_holdout,raw_catpred,-0.1559343259130192,0.18008529116838562,43.01517926437358,61.59650388918622,1
T296H,position_holdout,raw_catpred,-0.0953307856659287,-1.002913483780679,49.456716252479495,61.59650388918622,1
T296R,position_holdout,raw_catpred,0.013051015234744775,-0.15172174408554462,63.475638524920626,61.59650388918622,1
T296S,position_holdout,raw_catpred,-0.008198159867276346,-0.27229862167604046,60.4446550128902,61.59650388918622,2
T296W,position_holdout,raw_catpred,-0.07138296055936907,-1.5983535501863635,52.26044488672261,61.59650388918622,1
T296Y,position_holdout,raw_catpred,-0.12966380497266894,0.14493941516369338,45.69748069937205,61.59650388918622,1
N304H,position_holdout,raw_catpred,-0.006365194246984067,0.04101646223180443,60.700304376700416,61.59650388918622,1
Q313A,position_holdout,raw_catpred,-0.006297040425707089,0.27621953575382047,60.70983082129425,61.59650388918622,1
Q313C,position_holdout,raw_catpred,-0.005810686913246484,-0.15419461317273137,60.77785604325116,61.59650388918622,2
Q313E,position_holdout,raw_catpred,-0.007743812416641635,-0.3159223394209322,60.50792370851894,61.59650388918622,1
Q313L,position_holdout,raw_catpred,-0.006420068310880613,-0.09541763045329386,60.69263524412557,61.59650388918622,1
Q313N,position_holdout,raw_catpred,0.006305516089305084,-0.5022336195525747,62.49734658705636,61.59650388918622,1
Q313P,position_holdout,raw_catpred,0.019525528900055347,-0.4488842521028516,64.42902985326893,61.59650388918622,1
Q313R,position_holdout,raw_catpred,0.00815759513897162,0.2711937264426843,62.76443998647265,61.59650388918622,1
Q313V,position_holdout,raw_catpred,-0.015465606158704214,-0.08263039035376582,59.44159534812379,61.59650388918622,1
H315C,position_holdout,raw_catpred,0.006905770695214218,-2.5743088307211126,62.5837862233609,61.59650388918622,2
H315D,position_holdout,raw_catpred,0.009062666298638798,0.3396153172309083,62.89537768022244,61.59650388918622,1
H315E,position_holdout,raw_catpred,0.013243174529314942,-0.06005572608098249,63.50373036878493,61.59650388918622,2
H315I,position_holdout,raw_catpred,0.01779163659880267,-0.2368311336088365,64.17231396912574,61.59650388918622,2
H315K,position_holdout,raw_catpred,0.012977920589223778,-0.7646330518749986,63.46495605239613,61.59650388918622,2
H315N,position_holdout,raw_catpred,0.01204062911353897,-0.026469298070646484,63.328134101622354,61.59650388918622,15
H315P,position_holdout,raw_catpred,0.025958915655228888,-0.038157537508807966,65.39054826658456,61.59650388918622,3
H315Q,position_holdout,raw_catpred,0.00866351747964445,-2.171235040203844,62.83759872193709,61.59650388918622,1
H315T,position_holdout,raw_catpred,0.010577309267999602,0.055439153770091745,63.11511419551347,61.59650388918622,2
H315Y,position_holdout,raw_catpred,0.011295361978609175,-0.031258502461429055,63.21955361828118,61.59650388918622,1
M316K,position_holdout,raw_catpred,-0.005254526938472894,-0.11213146923331622,60.85573836777194,61.59650388918622,1
T321S,position_holdout,raw_catpred,0.030200697817577643,-0.3484541006876337,66.03235112382953,61.59650388918622,1
S331A,position_holdout,raw_catpred,0.01647839352666849,0.26090464492321,63.97855935634541,61.59650388918622,1
S331G,position_holdout,raw_catpred,0.007342570943087025,0.1495744948889821,62.64676276636128,61.59650388918622,3
S331T,position_holdout,raw_catpred,-0.033428276335584844,-1.3713380511193416,57.03320619923555,61.59650388918622,1
Y333F,position_holdout,raw_catpred,-0.007954418974061364,0.037651200497719,60.47858813862713,61.59650388918622,5
L336S,position_holdout,raw_catpred,0.024832684437386243,-0.8057212382942597,65.22119435391704,61.59650388918622,1
K341A,position_holdout,raw_catpred,0.012241951411154696,0.29131327763530795,63.35749740580421,61.59650388918622,2
L350I,position_holdout,raw_catpred,-0.009234978665059833,-0.4515069983101833,60.300523764561774,61.59650388918622,2
H379Y,position_holdout,raw_catpred,0.02111762920788146,-0.05882068246583804,64.66565669124377,61.59650388918622,12
I387K,position_holdout,raw_catpred,-0.028897298615635385,-0.8371391610195581,57.63134621877714,61.59650388918622,1
E388D,position_holdout,raw_catpred,-0.011864490389777247,-0.022872424825581404,59.93652677466541,61.59650388918622,3
E388F,position_holdout,raw_catpred,0.021672741127170925,-0.13193775149129972,64.74836469123608,61.59650388918622,1
E388G,position_holdout,raw_catpred,-0.012242938268959884,0.1797583928310825,59.88432032893758,61.59650388918622,1
E388H,position_holdout,raw_catpred,-0.025789105346090257,0.2711468133874052,58.04528631124464,61.59650388918622,3
E388L,position_holdout,raw_catpred,0.014819953666412375,-0.21648303915104272,63.734710391330815,61.59650388918622,3
E388R,position_holdout,raw_catpred,-0.03483076184303561,-0.034418111302879875,56.84932352820709,61.59650388918622,1
N404A,position_holdout,raw_catpred,-0.2533612181960908,-2.2351528307277526,34.371211868392734,61.59650388918622,4
N404C,position_holdout,raw_catpred,-0.16715986042783412,-1.6231090013058722,41.91758007445825,61.59650388918622,3
N404D,position_holdout,raw_catpred,-0.0622528132822228,-1.1247376395697688,53.37074311180027,61.59650388918622,2
N404E,position_holdout,raw_catpred,-0.16768463772075967,-2.200921029129257,41.86695979202035,61.59650388918622,5
N404L,position_holdout,raw_catpred,-0.16358324058201446,-2.021240064485029,42.264216510292606,61.59650388918622,3
N404M,position_holdout,raw_catpred,-0.2105398740836441,-2.04362624349846,37.93291247721551,61.59650388918622,8
N404Q,position_holdout,raw_catpred,-0.09382498089369186,-2.93706218989583,49.62849235916412,61.59650388918622,3
N404S,position_holdout,raw_catpred,-0.1435284252176396,-1.9033737164057198,44.261653891364375,61.59650388918622,2
A408F,position_holdout,raw_catpred,-0.02299509870133445,-1.2237761024379217,58.419920866772486,61.59650388918622,1
A408H,position_holdout,raw_catpred,-0.0598756260658461,-0.5374829103146069,53.66367824393465,61.59650388918622,3
A408K,position_holdout,raw_catpred,-0.06286316273285772,-0.3256115693646481,53.29578953582831,61.59650388918622,3
A408S,position_holdout,raw_catpred,-0.051371289496154125,-0.30815861626179275,54.72487441023747,61.59650388918622,1
A408T,position_holdout,raw_catpred,-0.0386757891912947,-0.8504372886779366,56.34822938379021,61.59650388918622,1
F415H,position_holdout,raw_catpred,0.01643591766448756,-1.9136128213520052,63.972302284948995,61.59650388918622,3
F415M,position_holdout,raw_catpred,-0.014043116359154905,-1.6267582325157481,59.63660977699783,61.59650388918622,2
F415W,position_holdout,raw_catpred,0.015215238336297253,-1.4394155098665706,63.79274664020625,61.59650388918622,1
F415Y,position_holdout,raw_catpred,0.008915304614302686,-0.6616316475347743,62.874040092669006,61.59650388918622,2
G416A,position_holdout,raw_catpred,-0.012670672491099322,-2.91522639273072,59.825369629456596,61.59650388918622,2
H419Y,position_holdout,raw_catpred,0.049906594868886676,0.12385539020129427,69.09755145010742,61.59650388918622,2
T424H,position_holdout,raw_catpred,0.006817344366155352,-0.9790631899658196,62.57104488919458,61.59650388918622,1
R427H,position_holdout,raw_catpred,-0.0024832157349596257,-1.6902347982876924,61.245311426074856,61.59650388918622,2
R427L,position_holdout,raw_catpred,-0.005543343031647737,0.2780403296988134,60.81528131762818,61.59650388918622,4
R427W,position_holdout,raw_catpred,0.0025353575260737378,-0.5094335406146416,61.957148342959115,61.59650388918622,1
P429A,position_holdout,raw_catpred,0.010952718908167812,-0.6325926769014486,63.16969528496918,61.59650388918622,1
W11F,position_holdout,raw_catpred,-0.008242582353415422,0.1934169556814849,60.4384726535899,61.59650388918622,1
I40T,position_holdout,raw_catpred,-0.003314962746682471,-0.07204049005650218,61.12812859716033,61.59650388918622,1
D63A,position_holdout,raw_catpred,-0.015835222211305684,-2.405661195075517,59.39102776753581,61.59650388918622,1
D63C,position_holdout,raw_catpred,-0.004918357343977692,-3.071703145107456,60.90286254175516,61.59650388918622,1
D63F,position_holdout,raw_catpred,0.0028186530503711087,-3.6361690610245145,61.99757692206979,61.59650388918622,1
D63K,position_holdout,raw_catpred,0.0005092811965320674,-3.152733873102585,61.66877821661113,61.59650388918622,1
D63M,position_holdout,raw_catpred,0.015598098936977197,-1.6987394782332768,63.849009151204605,61.59650388918622,2
D63N,position_holdout,raw_catpred,-0.023447756960743606,-1.8858083713729803,58.35906243000678,61.59650388918622,1
D63S,position_holdout,raw_catpred,-0.027202423164693998,-1.493927127888866,57.85669746066274,61.59650388918622,1
S78A,position_holdout,raw_catpred,-0.0022355994237816547,-0.759272342273572,61.28024086419287,61.59650388918622,1
I90E,position_holdout,raw_catpred,0.037645223413756854,0.02362985886522928,67.17401183860399,61.59650388918622,1
I90V,position_holdout,raw_catpred,0.006914438949003834,0.22368782433797613,62.58503537014642,61.59650388918622,2
H101G,position_holdout,raw_catpred,0.0007274705598028338,-0.04631124240099815,61.699768368665254,61.59650388918622,1
H101R,position_holdout,raw_catpred,0.01671172845965787,-0.014544061305052971,64.01294257908178,61.59650388918622,1
I106A,position_holdout,raw_catpred,0.0046079533932217275,-0.05608018275544492,62.25353486270161,61.59650388918622,1
M114S,position_holdout,raw_catpred,-0.0004798817015049245,-0.6697629910814187,61.52847928505958,61.59650388918622,2
T116I,position_holdout,raw_catpred,0.000173144249466934,-0.5820433089002999,61.6210660402991,61.59650388918622,3
T116S,position_holdout,raw_catpred,-0.0008252935659128424,-0.20255436558311335,61.47956266668374,61.59650388918622,1
L117H,position_holdout,raw_catpred,0.0006360387248394058,-1.2069519018336812,61.68678010958577,61.59650388918622,2
L117I,position_holdout,raw_catpred,0.013148014812794552,-0.04307083892947706,63.48981737833864,61.59650388918622,2
L117M,position_holdout,raw_catpred,-0.0364453561286616,-0.21420917031802908,56.63836487024476,61.59650388918622,2
L117W,position_holdout,raw_catpred,-9.08774275003961e-05,-1.6977619677677431,61.58361598381456,61.59650388918622,2
H119A,position_holdout,raw_catpred,-0.033362352575056216,-1.0381487352118475,57.04186421576955,61.59650388918622,1
H119D,position_holdout,raw_catpred,-0.01135525089393001,-3.33114921899294,60.0068476042474,61.59650388918622,5
H119M,position_holdout,raw_catpred,-0.031290275142868244,-2.1863551448719973,57.31466890461254,61.59650388918622,1
H119N,position_holdout,raw_catpred,-0.019107867347111177,-2.9574267229191435,58.94516608524044,61.59650388918622,1
H119P,position_holdout,raw_catpred,-0.0224246841991311,-4.173043006655086,58.49670163444852,61.59650388918622,1
H119Q,position_holdout,raw_catpred,-0.039574412730956,-1.5089485524262716,56.23175658295435,61.59650388918622,2
H119T,position_holdout,raw_catpred,-0.036033573471930966,-2.6429983097369423,56.6920928306598,61.59650388918622,2
H119V,position_holdout,raw_catpred,-0.007232952246321202,-2.741766172139715,60.579140997644515,61.59650388918622,1
Q124D,position_holdout,raw_catpred,-0.014370238612339204,-0.25980135571592117,59.59170679602301,61.59650388918622,1
Q124G,position_holdout,raw_catpred,-0.011005538826938976,-0.8644994948077903,60.05518708563545,61.59650388918622,1
Q124I,position_holdout,raw_catpred,-0.008248804219268895,-0.46389330324308786,60.43760679553442,61.59650388918622,1
Q124P,position_holdout,raw_catpred,0.0050645302868889954,-0.05426392233861861,62.31901686378028,61.59650388918622,2
Q124S,position_holdout,raw_catpred,-0.008296460980597836,-0.2711389141869741,60.43097511427379,61.59650388918622,1
Q124T,position_holdout,raw_catpred,-0.004228416893531387,-0.4258346689521967,60.999692561009375,61.59650388918622,2
E127D,position_holdout,raw_catpred,-0.007026891145398781,-0.2912709556374163,60.60789099770503,61.59650388918622,1
K142R,position_holdout,raw_catpred,0.00603735786879774,-0.8074594582931078,62.4587690665641,61.59650388918622,1
Y144W,position_holdout,raw_catpred,-0.05800288206390739,0.26322529067312955,53.89558385085195,61.59650388918622,1
E154A,position_holdout,raw_catpred,0.006827994193242865,-1.2623698400053038,62.57257928349846,61.59650388918622,1
E154D,position_holdout,raw_catpred,0.006458997524566563,0.39180419349603557,62.51943730662984,61.59650388918622,1
E154F,position_holdout,raw_catpred,-0.04914157115785751,0.3469286183737618,55.006560761371155,61.59650388918622,1
W158N,position_holdout,raw_catpred,0.024572405623350096,0.23256423557965789,65.18211808204897,61.59650388918622,1
I162V,position_holdout,raw_catpred,0.00761436976011473,-0.2785590563828429,62.68598188154433,61.59650388918622,1
T175A,position_holdout,raw_catpred,0.12989175084346488,-0.4907276428430327,83.07068925352677,61.59650388918622,1
T175C,position_holdout,raw_catpred,0.030122927926414668,0.09607785824919014,66.02052765103564,61.59650388918622,1
T175H,position_holdout,raw_catpred,0.005856183241386684,-0.037805645188526235,62.43271857622264,61.59650388918622,2
T175K,position_holdout,raw_catpred,0.010626602969690927,-0.036448798453271286,63.12227835327186,61.59650388918622,1
T175M,position_holdout,raw_catpred,0.010546522989591573,-0.12043986122002735,63.11064024825087,61.59650388918622,1
T175R,position_holdout,raw_catpred,0.009209631236502336,0.3347840299382071,62.91666503204673,61.59650388918622,1
I201T,position_holdout,raw_catpred,0.0018144182862583733,-0.15361250662382364,61.854383312854026,61.59650388918622,1
H206Q,position_holdout,raw_catpred,0.012051302680214216,-0.20635149859020105,63.3296905233504,61.59650388918622,1
I217Q,position_holdout,raw_catpred,-0.03652581818616905,0.13398798641798823,56.627872410806,61.59650388918622,1
I217S,position_holdout,raw_catpred,-0.044645258015718385,-0.31350497208438133,55.57900979492626,61.59650388918622,1
I217T,position_holdout,raw_catpred,-0.047749375715656274,0.10281142476719535,55.183175389775066,61.59650388918622,1
T218A,position_holdout,raw_catpred,-0.020028594525036577,-0.15963205316948795,58.82033160282252,61.59650388918622,1
T218G,position_holdout,raw_catpred,-0.11392821079359551,-0.4410682089968985,47.38357805037646,61.59650388918622,1
T218Q,position_holdout,raw_catpred,-0.13176600485282308,-1.5857097822960888,45.47681680535555,61.59650388918622,2
T218S,position_holdout,raw_catpred,-0.05554991575431352,-0.6647229515999571,54.200856231512965,61.59650388918622,2
M221A,position_holdout,raw_catpred,-0.03485336059621598,-0.07147392742413766,56.84636541922956,61.59650388918622,1
M221K,position_holdout,raw_catpred,0.11052415698557677,-0.8373759726256764,79.4474971412618,61.59650388918622,2
M221N,position_holdout,raw_catpred,0.09258509743599136,-0.4584766070313022,76.23267519185673,61.59650388918622,1
M221Q,position_holdout,raw_catpred,0.03602856521449694,-0.0793394645325332,66.92442188170061,61.59650388918622,1
M221R,position_holdout,raw_catpred,0.06074145950360828,-1.553486365265346,70.8430943692824,61.59650388918622,1
P231K,position_holdout,raw_catpred,-0.03208582070938242,0.37915014927260177,57.20977534482776,61.59650388918622,1
I238A,position_holdout,raw_catpred,0.0024231007705312058,-0.3771352514489411,61.9411356834801,61.59650388918622,1
I238G,position_holdout,raw_catpred,-0.024837102103641925,-0.1987377855859527,58.17266511398594,61.59650388918622,1
I238K,position_holdout,raw_catpred,-0.01353476528590627,-0.21555552298089017,59.706456587713134,61.59650388918622,1
F243H,position_holdout,raw_catpred,-0.010153478018966135,-0.21483530294837344,60.1731275688033,61.59650388918622,9
R246K,position_holdout,raw_catpred,-0.0211972851561848,0.258910548221663,58.66225830806806,61.59650388918622,13
E250D,position_holdout,raw_catpred,-0.000906180453632508,0.008468306046582545,61.468113229445585,61.59650388918622,3
Y268K,position_holdout,raw_catpred,0.01570885532803499,0.09458746179461505,63.865294386061365,61.59650388918622,2
G278V,position_holdout,raw_catpred,-0.02260616756227429,0.026090886772823892,58.47226208767172,61.59650388918622,1
N293A,position_holdout,raw_catpred,-0.08769658574332857,-1.9832232910682055,50.33377197500825,61.59650388918622,2
N293C,position_holdout,raw_catpred,-0.010223170696713349,-2.286169204913966,60.163472161933434,61.59650388918622,1
N293G,position_holdout,raw_catpred,-0.024273358009362027,-3.3771282850450755,58.24822626371744,61.59650388918622,2
N293I,position_holdout,raw_catpred,-0.014651707387587028,-1.6920483164141242,59.55309757763809,61.59650388918622,1
N293R,position_holdout,raw_catpred,-0.06126047189042056,-1.632777279528887,53.49283204821051,61.59650388918622,2
N293S,position_holdout,raw_catpred,-0.07867807063391445,-1.3734027417752142,51.38992601345117,61.59650388918622,2
N293V,position_holdout,raw_catpred,-0.03030866163521745,-3.7724825236501482,57.44436081924436,61.59650388918622,3
N293Y,position_holdout,raw_catpred,-0.04020072878355496,-3.541831287261834,56.1507206266608,61.59650388918622,2
R297A,position_holdout,raw_catpred,0.0166471560693692,-1.3402939619035328,64.00342562316808,61.59650388918622,1
R297S,position_holdout,raw_catpred,0.020888954715975756,-0.5280969616721228,64.63161643884968,61.59650388918622,1
W325A,position_holdout,raw_catpred,-0.007845156450440663,-0.06659323513287857,60.49380563448897,61.59650388918622,3
W325C,position_holdout,raw_catpred,-0.005147423641123278,-1.6106802964274698,60.87074812331243,61.59650388918622,1
W325D,position_holdout,raw_catpred,-0.010422194780528053,-0.5098491084689142,60.13590737079098,61.59650388918622,1
W325E,position_holdout,raw_catpred,0.001217021176527234,-1.7686981631770489,61.7693575332184,61.59650388918622,1
W325F,position_holdout,raw_catpred,-0.012083844207590665,-1.130619239454314,59.90626162773168,61.59650388918622,1
W325H,position_holdout,raw_catpred,0.002505231450451203,-0.9661712544349657,61.95285065768526,61.59650388918622,1
W325I,position_holdout,raw_catpred,-0.00013416620343837096,-0.8715901594635403,61.577477875671235,61.59650388918622,1
W325K,position_holdout,raw_catpred,-0.0009503713884466373,-1.8618006250165906,61.46185895888799,61.59650388918622,6
W325L,position_holdout,raw_catpred,-0.0039810520734430855,-0.7376921517518957,61.0344465739125,61.59650388918622,1
W325M,position_holdout,raw_catpred,0.00531033991591489,-0.8855092725079591,62.35429926091506,61.59650388918622,4
W325N,position_holdout,raw_catpred,0.004372778876897129,-1.2630322334549058,62.21983311813121,61.59650388918622,1
W325Q,position_holdout,raw_catpred,-0.0023809315599331938,-0.32691419041887143,61.25973749908533,61.59650388918622,8
W325R,position_holdout,raw_catpred,0.009420010078429911,-0.7758103621640965,62.9471502031407,61.59650388918622,3
W325S,position_holdout,raw_catpred,-0.0024236437348431374,-0.6985672116653903,61.253712997116914,61.59650388918622,1
W325T,position_holdout,raw_catpred,-0.004819764432807693,-1.0965074436407127,60.91669019187544,61.59650388918622,1
W325V,position_holdout,raw_catpred,-0.004465651999597118,-0.7101702009864798,60.96638033310222,61.59650388918622,2
W325Y,position_holdout,raw_catpred,0.0014826682229932824,-0.502856280605999,61.80715185835587,61.59650388918622,4
E340A,position_holdout,raw_catpred,-0.005487058671796424,0.27635011457863573,60.82316346012978,61.59650388918622,4
E340K,position_holdout,raw_catpred,-0.012533761455746712,0.1763428143582058,59.84423250899575,61.59650388918622,1
E340S,position_holdout,raw_catpred,-0.028783750039054142,0.09712163933589191,57.646416207351514,61.59650388918622,1
G355N,position_holdout,raw_catpred,0.004388537235839328,-3.552909698601258,62.22209080339561,61.59650388918622,1
E377Q,position_holdout,raw_catpred,-0.011403381220888372,0.45720294276525536,60.000197763453166,61.59650388918622,2
E377S,position_holdout,raw_catpred,-0.020723812138944735,-0.07320160769172039,58.72624747536528,61.59650388918622,1
Y396F,position_holdout,raw_catpred,0.048356201163363415,-0.19580131711309479,68.85131894874901,61.59650388918622,1
Y396W,position_holdout,raw_catpred,-0.02468072148295212,-0.85294317384585,58.19361568068629,61.59650388918622,1
F397A,position_holdout,raw_catpred,-0.06358299140320912,-0.6729986961568454,53.20752670247511,61.59650388918622,1
F397C,position_holdout,raw_catpred,0.002383589318022474,-0.8397864553723259,61.93550062934842,61.59650388918622,1
F397H,position_holdout,raw_catpred,0.03333099281355075,-0.6526547982586117,66.51001654596153,61.59650388918622,2
F397I,position_holdout,raw_catpred,-0.008377503985159554,-0.034987519859753326,60.419699237958866,61.59650388918622,1
F397L,position_holdout,raw_catpred,0.017319032762906663,-0.40305506637028354,64.10251896293038,61.59650388918622,1
F397M,position_holdout,raw_catpred,-0.005125819417735569,0.001394991214828009,60.87377624824817,61.59650388918622,1
F397N,position_holdout,raw_catpred,0.028502892426016623,-0.504015075949452,65.77471204847856,61.59650388918622,1
F397S,position_holdout,raw_catpred,-0.035022621999318014,-0.238834047002499,56.82421450273489,61.59650388918622,1
F397T,position_holdout,raw_catpred,0.037381941322102076,-0.5357829419722242,67.13330131760638,61.59650388918622,1
F397W,position_holdout,raw_catpred,0.049655746962275385,-0.4355382272135236,69.05765232159648,61.59650388918622,1
F397Y,position_holdout,raw_catpred,-0.011119111764918616,0.18025348996671844,60.03948402570212,61.59650388918622,2
L402C,position_holdout,raw_catpred,0.014384830670208995,0.2839029342205122,63.67088607103847,61.59650388918622,1
L402E,position_holdout,raw_catpred,0.09865437775909285,-0.8645726721123835,77.3055084301092,61.59650388918622,1
E423S,position_holdout,raw_catpred,0.009318938442076067,-0.02194145797628056,62.93250246646466,61.59650388918622,1
A441V,position_holdout,raw_catpred,-0.022242110115760164,0.2647140034384378,58.52129837083876,61.59650388918622,1
I20N,position_holdout,raw_catpred,0.004994698431933003,-1.8182704434599797,62.30899715855426,61.59650388918622,1
D25Q,position_holdout,raw_catpred,-0.013403546851774755,-0.17377785089904063,59.72449911821762,61.59650388918622,4
T36N,position_holdout,raw_catpred,0.0010535884931168794,-1.231576422349273,61.74611700628377,61.59650388918622,1
F37N,position_holdout,raw_catpred,0.0044720302347284685,-1.771412638675991,62.234054133776226,61.59650388918622,1
C38S,position_holdout,raw_catpred,0.011521379560361214,-0.0803948043423758,63.252463199160445,61.59650388918622,5
I45C,position_holdout,raw_catpred,-0.021701801295179284,0.01376019577928175,58.594150438379096,61.59650388918622,1
H58R,position_holdout,raw_catpred,0.01369148825743388,-0.10616337063293715,63.56931787831833,61.59650388918622,1
A80P,position_holdout,raw_catpred,0.005174677956702323,-1.1020857740358776,62.3348244904679,61.59650388918622,4
A80S,position_holdout,raw_catpred,-0.001421544564640284,0.19346318712655178,61.39521414288713,61.59650388918622,7
A88E,position_holdout,raw_catpred,0.00839786352193555,-0.013252593954638613,62.79917329164813,61.59650388918622,3
A88K,position_holdout,raw_catpred,-0.007181163665525793,-0.3397530525468219,60.586365346408954,61.59650388918622,1
Y118A,position_holdout,raw_catpred,0.03408892053328638,-1.7684888528623037,66.62619070954521,61.59650388918622,1
Y118F,position_holdout,raw_catpred,-0.018021438877738834,0.11259770961909732,59.09280755144926,61.59650388918622,2
Y118Q,position_holdout,raw_catpred,0.04403476443865793,-2.0042549748298537,68.16961284174806,61.59650388918622,1
W125F,position_holdout,raw_catpred,-0.024655092702006373,-0.8217413727501518,58.19704992979202,61.59650388918622,1
W125R,position_holdout,raw_catpred,-0.03425734058217064,-0.6033384530349886,56.9244341787429,61.59650388918622,1
Q139E,position_holdout,raw_catpred,0.01128580542606457,-0.16685903201958097,63.21816250150672,61.59650388918622,1
Q139K,position_holdout,raw_catpred,-0.0006546955258044253,-0.3426273277216347,61.50371759747798,61.59650388918622,7
D150V,position_holdout,raw_catpred,-0.03935140618163902,-0.19229022882863425,56.26063852982752,61.59650388918622,4
N163A,position_holdout,raw_catpred,-0.08202476164029675,-2.1918104893662895,50.99543507953592,61.59650388918622,1
N163C,position_holdout,raw_catpred,-0.06326421093201152,-1.3255637940549754,53.2465963837729,61.59650388918622,1
N163D,position_holdout,raw_catpred,-0.036606469080871604,-2.074152277043356,56.6173572771243,61.59650388918622,1
N163G,position_holdout,raw_catpred,-0.11997766177153499,-2.3426926284005893,46.728129981483704,61.59650388918622,2
N163Q,position_holdout,raw_catpred,-0.06615156080417658,-3.076961801725815,52.89376754279174,61.59650388918622,1
N163S,position_holdout,raw_catpred,-0.1380568186959005,0.6857440914363382,44.822827011825815,61.59650388918622,1
N163T,position_holdout,raw_catpred,-0.1245269516294943,-2.7756141955630635,46.24120165546382,61.59650388918622,3
P165A,position_holdout,raw_catpred,-0.02426381091361062,0.12909565554942082,58.24950674857068,61.59650388918622,1
S169A,position_holdout,raw_catpred,-0.04753799255052452,0.3296217417398668,55.210041108802386,61.59650388918622,1
S169D,position_holdout,raw_catpred,0.018482349508415718,-3.6194299202997287,64.27445644101547,61.59650388918622,1
S169M,position_holdout,raw_catpred,-0.01498231716910989,-1.6478785502347977,59.507779607535554,61.59650388918622,1
S169N,position_holdout,raw_catpred,0.043027055208385435,-2.7608388191897144,68.01161978719882,61.59650388918622,1
A179S,position_holdout,raw_catpred,-0.007913060895255028,-0.2996077670386167,60.48434781880113,61.59650388918622,1
W185V,position_holdout,raw_catpred,0.0034931575873968722,-0.11552298444371398,62.093940424393274,61.59650388918622,1
W185Y,position_holdout,raw_catpred,0.010903005740029559,-0.2921973231630561,63.16246473960491,61.59650388918622,1
A192S,position_holdout,raw_catpred,0.011970496878766054,0.25560098335587805,63.3179083558053,61.59650388918622,1
H194G,position_holdout,raw_catpred,-0.0038462103230751154,-0.016897221723588426,61.05339977209217,61.59650388918622,1
H194L,position_holdout,raw_catpred,-0.015857463207138576,0.01858188136861403,59.38798632484316,61.59650388918622,2
H194N,position_holdout,raw_catpred,0.015090884786868878,-0.08055301932274353,63.77448318260796,61.59650388918622,2
H194Q,position_holdout,raw_catpred,-0.0049690808006433345,-0.5162588830871775,60.89574980272024,61.59650388918622,1
H194V,position_holdout,raw_catpred,-0.026957522253076144,-0.22640996607261185,57.88933235316952,61.59650388918622,1
H194Y,position_holdout,raw_catpred,-0.016959551649986446,-0.12250933723408508,59.23747131580784,61.59650388918622,2
C198A,position_holdout,raw_catpred,0.017733539888856623,-0.3413424937971533,64.16373004482521,61.59650388918622,1
C198G,position_holdout,raw_catpred,-0.004771635783088284,-0.530555339872947,60.9234413725284,61.59650388918622,1
C198K,position_holdout,raw_catpred,0.017032592066720035,0.03572956251167219,64.0602538248024,61.59650388918622,1
C198M,position_holdout,raw_catpred,0.01630463732809976,0.01721153850694474,63.95296739467528,61.59650388918622,1
C198S,position_holdout,raw_catpred,0.00701321449723755,0.029940414267176228,62.59927127341128,61.59650388918622,1
C198T,position_holdout,raw_catpred,0.0010487494702891551,0.5658436883995465,61.745429018714105,61.59650388918622,1
T212E,position_holdout,raw_catpred,0.01182325374054606,-0.0006693797524399761,63.29644470005338,61.59650388918622,2
T212K,position_holdout,raw_catpred,0.0014165290738847622,-0.06381298969146436,61.797739900926686,61.59650388918622,1
T212Q,position_holdout,raw_catpred,-0.002760933316342744,0.010024561851876161,61.20615950657965,61.59650388918622,1
A226P,position_holdout,raw_catpred,-0.014719521380837071,0.01684011780284162,59.54379923690754,61.59650388918622,1
I244A,position_holdout,raw_catpred,0.024177911441273316,-0.09691020545344077,65.12293636954305,61.59650388918622,1
I244E,position_holdout,raw_catpred,0.020245003229545804,-0.09338009302013017,64.53585472268747,61.59650388918622,1
I244K,position_holdout,raw_catpred,0.09405400224929752,-0.8499233996681328,76.49095185245838,61.59650388918622,1
I244M,position_holdout,raw_catpred,0.02981210564567955,0.10683823278376889,65.97329401044142,61.59650388918622,2
I244N,position_holdout,raw_catpred,0.03656376567075798,0.08883530903752912,67.00694667014707,61.59650388918622,1
I244Q,position_holdout,raw_catpred,0.024223268556630508,-0.19516994879839752,65.12973807417106,61.59650388918622,1
I244T,position_holdout,raw_catpred,0.018690138337228913,0.03046574141125539,64.30521600641484,61.59650388918622,1
I244V,position_holdout,raw_catpred,0.0052867275914008785,0.4785791553049034,62.35090918808147,61.59650388918622,1
D260E,position_holdout,raw_catpred,-0.016211345144165442,-0.10211813317838277,59.33961413425012,61.59650388918622,1
F274N,position_holdout,raw_catpred,-0.018109731382403002,-0.10845549077302864,59.08079514539055,61.59650388918622,2
M280I,position_holdout,raw_catpred,-0.015424541941958381,-0.10375774560439072,59.44721604573742,61.59650388918622,1
L290V,position_holdout,raw_catpred,0.01254858930423781,0.12084106129794656,63.40224738660732,61.59650388918622,2
Y295N,position_holdout,raw_catpred,-0.04457414007888346,-1.0832200691373588,55.58811188653648,61.59650388918622,1
S298E,position_holdout,raw_catpred,0.040359851852642764,0.17152370448210477,67.59520895662088,61.59650388918622,1
S298R,position_holdout,raw_catpred,0.04312207813244535,0.3035313861194041,68.02650224671231,61.59650388918622,1
S298T,position_holdout,raw_catpred,-0.09217196557680792,0.32493400809958284,49.817748691047704,61.59650388918622,1
I300N,position_holdout,raw_catpred,0.02287817766608576,0.17711348632461113,64.92833120432286,61.59650388918622,1
S302A,position_holdout,raw_catpred,0.012290965287074013,0.007094052120763189,63.36464824904027,61.59650388918622,2
S302D,position_holdout,raw_catpred,-0.004480029072427599,-0.8491078872146128,60.964362109020115,61.59650388918622,1
S302F,position_holdout,raw_catpred,-0.005823758637349538,-0.012414787687825543,60.776026732857645,61.59650388918622,2
S302H,position_holdout,raw_catpred,-0.017951484084247796,0.06943327509964091,59.102326802259505,61.59650388918622,2
S302K,position_holdout,raw_catpred,-0.013326525235340569,0.04027517016274678,59.7350921273112,61.59650388918622,1
S302N,position_holdout,raw_catpred,-0.0014509606075627233,0.027446770180504055,61.391055805242736,61.59650388918622,1
S302W,position_holdout,raw_catpred,0.002251895085882454,-0.008454068198357562,61.91672233034142,61.59650388918622,2
S302Y,position_holdout,raw_catpred,-0.01179757289474043,-0.10562983573356256,59.94576269963027,61.59650388918622,1
A306K,position_holdout,raw_catpred,-0.013655788465893881,-0.0101834011749481,59.689820736155006,61.59650388918622,1
A306N,position_holdout,raw_catpred,-0.014102868791852552,0.007491384058461205,59.62840523483993,61.59650388918622,2
A306Q,position_holdout,raw_catpred,-0.010007394312772968,0.02788542305228995,60.19337141812722,61.59650388918622,2
A306S,position_holdout,raw_catpred,-0.022179848633762055,-0.15049455867559905,58.52968872371802,61.59650388918622,5
E312V,position_holdout,raw_catpred,-0.012073853240721069,0.6577877600226415,59.90763979021061,61.59650388918622,3
V314A,position_holdout,raw_catpred,0.008985088135793393,0.40798508277370493,62.88414366209653,61.59650388918622,1
V314D,position_holdout,raw_catpred,0.00974094112014881,-0.11132724838670965,62.99368351498901,61.59650388918622,1
V314E,position_holdout,raw_catpred,0.006733508783388481,-0.5095007916065223,62.55896743034007,61.59650388918622,1
V314F,position_holdout,raw_catpred,0.012774686807091044,0.23988664855746894,63.435263744265626,61.59650388918622,1
V314H,position_holdout,raw_catpred,-0.0047695993453815925,0.1149828487609307,60.92372704754681,61.59650388918622,1
V314K,position_holdout,raw_catpred,0.006584384086071057,-0.02135500801000268,62.537490101063625,61.59650388918622,1
V314L,position_holdout,raw_catpred,0.006765394101312899,0.14442016657446394,62.56356059436819,61.59650388918622,2
V314M,position_holdout,raw_catpred,0.015582238051419348,-0.07309319359137335,63.84667736165376,61.59650388918622,1
V314Q,position_holdout,raw_catpred,0.001542284558367852,-0.2079473750680091,61.81563681260336,61.59650388918622,1
V314T,position_holdout,raw_catpred,0.0005338865734868791,-0.026285510228463826,61.67227222029486,61.59650388918622,1
V314W,position_holdout,raw_catpred,0.014771097944488948,0.04658671086129946,63.72754099295911,61.59650388918622,1
E318R,position_holdout,raw_catpred,-0.01806026666778105,-2.3883207729724107,59.08752463707493,61.59650388918622,1
K334D,position_holdout,raw_catpred,0.017070703794353825,-0.5174839605698461,64.06587571081751,61.59650388918622,1
A356T,position_holdout,raw_catpred,0.007333568118994973,0.24767022499521382,62.64546412692907,61.59650388918622,1
H373R,position_holdout,raw_catpred,0.0038789739808309017,0.03654110692288786,62.14912764329186,61.59650388918622,1
Y375H,position_holdout,raw_catpred,0.01361762805492097,-0.2926219298110984,63.5585076017622,61.59650388918622,1
Y375T,position_holdout,raw_catpred,0.034283075737741524,-2.99634336753476,66.65598319871177,61.59650388918622,1
W399C,position_holdout,raw_catpred,0.019104071824306,-3.4387051249299945,64.36653562366521,61.59650388918622,1
W399Q,position_holdout,raw_catpred,0.05666912311967543,-3.39871641711308,70.18191045589262,61.59650388918622,1
W399Y,position_holdout,raw_catpred,0.06226219449601341,-1.2620684547842782,71.09159491104964,61.59650388918622,1
W407A,position_holdout,raw_catpred,0.017761041115365285,-3.4064156994312147,64.16779327200956,61.59650388918622,2
W407D,position_holdout,raw_catpred,0.043845243870531264,-3.393210011260321,68.13987098284589,61.59650388918622,3
W407F,position_holdout,raw_catpred,0.01387463068746503,-2.4335871076364355,63.59613077821492,61.59650388918622,3
W407H,position_holdout,raw_catpred,0.014622488043372312,-2.639187926804458,63.70573799108696,61.59650388918622,2
W407K,position_holdout,raw_catpred,0.021688667153997684,-2.7823778439848352,64.75073912412334,61.59650388918622,3
W409A,position_holdout,raw_catpred,-0.020136508966792425,-0.30848428181813087,58.805717614042095,61.59650388918622,3
W409C,position_holdout,raw_catpred,0.01963454004994848,0.21968427192853293,64.44520404951247,61.59650388918622,1
W409D,position_holdout,raw_catpred,0.049563116634080764,0.27374551317714946,69.04292463997449,61.59650388918622,3
W409E,position_holdout,raw_catpred,0.1440630824922512,0.3108713006506487,85.82605400071128,61.59650388918622,5
W409F,position_holdout,raw_catpred,-0.049745050967394455,0.14312509553656774,54.93017872717907,61.59650388918622,2
W409G,position_holdout,raw_catpred,-0.06290785509789446,-1.614119043939389,53.290305256323755,61.59650388918622,1
W409H,position_holdout,raw_catpred,-0.026719186741684067,0.07178117324263893,57.92111003106736,61.59650388918622,3
W409I,position_holdout,raw_catpred,0.021800006065250906,-0.5145588686165513,64.76734122543435,61.59650388918622,2
W409K,position_holdout,raw_catpred,-0.09377462110257022,-0.7644977466915882,49.634247498877045,61.59650388918622,3
W409L,position_holdout,raw_catpred,0.0037672257547821603,0.042547161080364736,62.13313812093945,61.59650388918622,1
W409M,position_holdout,raw_catpred,-0.026257254442249134,-1.438010997722858,57.9827499248793,61.59650388918622,1
W409N,position_holdout,raw_catpred,0.05309039978834123,-0.2303425707846592,69.60596564913921,61.59650388918622,2
W409R,position_holdout,raw_catpred,-0.08134212452192625,-0.3664385272071631,51.07565426589148,61.59650388918622,3
W409S,position_holdout,raw_catpred,0.0604558047856105,-0.08423805043124287,70.79651304907034,61.59650388918622,1
W409T,position_holdout,raw_catpred,-0.02767050591696436,-0.016688160259428764,57.79437308351931,61.59650388918622,2
W409V,position_holdout,raw_catpred,-0.1113365488869032,-0.16236743113977012,47.66718597490035,61.59650388918622,1
W409Y,position_holdout,raw_catpred,-4.0501681640910624e-05,0.40983306985320705,61.59075975526485,61.59650388918622,3
T13K,position_holdout,raw_catpred,0.018592804705640592,-2.304630754449282,64.29080560257576,61.59650388918622,2
T13S,position_holdout,raw_catpred,0.018500067698150494,0.10144570688900789,64.2770787406136,61.59650388918622,5
S14A,position_holdout,raw_catpred,0.027932971938148535,-0.1967514220562909,65.68845313476018,61.59650388918622,3
T15A,position_holdout,raw_catpred,0.01544955237802656,0.05151635325431161,63.82717390086442,61.59650388918622,2
Y18A,position_holdout,raw_catpred,0.00452438815900959,-1.215501270276485,62.241557435002754,61.59650388918622,1
E21D,position_holdout,raw_catpred,-0.004507998139891631,-1.4081704353129292,60.960436059937706,61.59650388918622,1
E21Y,position_holdout,raw_catpred,-0.016419221606592087,-0.18357567432152233,59.31121783200593,61.59650388918622,1
G46C,position_holdout,raw_catpred,0.004410672962016438,-2.969648949856514,62.225262306426494,61.59650388918622,1
F72A,position_holdout,raw_catpred,0.023312521462289928,0.035936808226116945,64.99329939052993,61.59650388918622,1
Y75F,position_holdout,raw_catpred,-0.009482505894964294,-0.7801183120490301,60.266165122034025,61.59650388918622,2
Y75N,position_holdout,raw_catpred,0.00037923634791163865,-0.2901824350608277,61.65031492344505,61.59650388918622,2
V79I,position_holdout,raw_catpred,-0.04574408880753418,-0.06567127059439318,55.43856423461915,61.59650388918622,2
V79T,position_holdout,raw_catpred,-0.07337713317254775,-0.20424153850468924,52.02102796972535,61.59650388918622,1
I91A,position_holdout,raw_catpred,0.007181643577581435,0.3617357966720546,62.62355337439114,61.59650388918622,3
I91C,position_holdout,raw_catpred,-0.01283979958702518,-1.1336041478367538,59.80207639971582,61.59650388918622,1
I91D,position_holdout,raw_catpred,-0.013811996442292678,-0.3932983071596212,59.66835523324082,61.59650388918622,2
I91E,position_holdout,raw_catpred,0.0005458362010237377,0.08686332678652343,61.67396915832179,61.59650388918622,1
I91G,position_holdout,raw_catpred,-0.007153581084974227,-0.18100143261402765,60.59021338372227,61.59650388918622,1
I91H,position_holdout,raw_catpred,-0.023927189676256216,-0.021512740877299423,58.29467338756163,61.59650388918622,2
I91K,position_holdout,raw_catpred,0.02037700924058639,0.5351209880856648,64.55547370462773,61.59650388918622,3
I91M,position_holdout,raw_catpred,-0.004216221986235802,-0.08034442492963613,61.001405444941874,61.59650388918622,1
I91N,position_holdout,raw_catpred,-0.002263989515712115,-0.0038587111746965965,61.27623506886026,61.59650388918622,1
I91P,position_holdout,raw_catpred,-0.010412977528980098,-1.3315544582030556,60.137183679126466,61.59650388918622,1
I91Q,position_holdout,raw_catpred,-7.0113305680260895e-06,-0.10103205795407609,61.595509471843854,61.59650388918622,1
I91R,position_holdout,raw_catpred,0.016059932643357252,-0.06775119649031686,63.91694303033885,61.59650388918622,2
I91S,position_holdout,raw_catpred,-0.00012764627345977113,0.1745776649456191,61.578402326417,61.59650388918622,1
I91V,position_holdout,raw_catpred,0.007456932033260501,-0.9614590567446497,62.66326146884949,61.59650388918622,1
I91Y,position_holdout,raw_catpred,-0.018655071204861415,0.06228468278209537,59.00665446087279,61.59650388918622,1
L108A,position_holdout,raw_catpred,0.042281597096496086,0.23295754303192232,67.89497928624225,61.59650388918622,1
L108E,position_holdout,raw_catpred,0.01541744814340681,0.07944926784435041,63.82245579617991,61.59650388918622,3
L108M,position_holdout,raw_catpred,0.007506508925388829,0.05111016447338646,62.67041520257229,61.59650388918622,1
L108N,position_holdout,raw_catpred,0.009796359813491954,0.383925661675176,63.00172241606353,61.59650388918622,1
L108R,position_holdout,raw_catpred,0.022493573259722954,-1.252383590275191,64.87085714167901,61.59650388918622,1
L108S,position_holdout,raw_catpred,0.009823713342894719,-1.237564274865911,63.005690630743,61.59650388918622,1
W120D,position_holdout,raw_catpred,-0.017682054839505662,-1.597011128950276,59.13900430202343,61.59650388918622,3
W120E,position_holdout,raw_catpred,-0.007295540924653724,-2.5945887921651023,60.57041121790222,61.59650388918622,2
W120F,position_holdout,raw_catpred,-0.0038543779970521635,-0.5449972743837769,61.05225156598731,61.59650388918622,1
W120G,position_holdout,raw_catpred,0.018297738667304966,-3.0126846913310623,64.24714032175693,61.59650388918622,1
W120H,position_holdout,raw_catpred,-0.031320742192785134,-2.036681621058073,57.31064825111173,61.59650388918622,1
W120K,position_holdout,raw_catpred,0.016847966296565556,-3.618101186917156,64.03302653874648,61.59650388918622,1
W120L,position_holdout,raw_catpred,-0.0026812113953368594,-1.414300485567965,61.21739593876536,61.59650388918622,1
W120M,position_holdout,raw_catpred,-0.01605386384490109,-1.440508577723765,59.36113541627991,61.59650388918622,1
W120N,position_holdout,raw_catpred,0.0354903607725876,-1.6233661845515988,66.84153638959329,61.59650388918622,2
W120Q,position_holdout,raw_catpred,-0.0036062957773867785,-2.7216751475383667,61.08713643204225,61.59650388918622,1
W120S,position_holdout,raw_catpred,0.01872029761791216,-2.802948036606031,64.30968179283724,61.59650388918622,2
W120T,position_holdout,raw_catpred,0.007654049066766727,-2.586890553080916,62.691709446670494,61.59650388918622,2
W120Y,position_holdout,raw_catpred,-0.047825149320375154,-2.1748905132217606,55.1735481356034,61.59650388918622,2
D128E,position_holdout,raw_catpred,-0.005204454393431049,0.01633011917385049,60.86275521348318,61.59650388918622,3
T133Y,position_holdout,raw_catpred,0.006888703698540029,-0.08756033665354038,62.58132684077934,61.59650388918622,1
N157D,position_holdout,raw_catpred,0.0020227440207305357,-0.1771433810668193,61.884061219112816,61.59650388918622,1
N157H,position_holdout,raw_catpred,-0.0230477580697849,0.24180461561760092,58.41283772442258,61.59650388918622,1
N157T,position_holdout,raw_catpred,-0.015352856717446487,-1.0386752933415406,59.45702929211549,61.59650388918622,1
N157Y,position_holdout,raw_catpred,-0.03453476980555332,0.38301931666455263,56.88808221219078,61.59650388918622,1
E164A,position_holdout,raw_catpred,-0.05554423105480517,-1.9884439760472377,54.20156569849945,61.59650388918622,2
A168N,position_holdout,raw_catpred,-0.007875484402598642,-0.7621771084916655,60.48958133677927,61.59650388918622,1
L171A,position_holdout,raw_catpred,-0.030013242722714644,-0.15077391913324303,57.48344932807379,61.59650388918622,1
L171F,position_holdout,raw_catpred,-0.02090832906182878,-0.0482439971777206,58.701301994053814,61.59650388918622,3
L171H,position_holdout,raw_catpred,-0.030142122815084636,-0.3732160944472343,57.466393221175984,61.59650388918622,1
L171I,position_holdout,raw_catpred,-0.035399006887912456,-0.26941782095816447,56.774988663432815,61.59650388918622,3
L171M,position_holdout,raw_catpred,0.01675597730984607,0.03642112132894903,64.01946498156737,61.59650388918622,1
L171Q,position_holdout,raw_catpred,-0.005114494244198441,-0.40821050035835493,60.875363685108546,61.59650388918622,2
L171R,position_holdout,raw_catpred,0.007649827005894047,0.06678835396209178,62.691099982498315,61.59650388918622,1
L171Y,position_holdout,raw_catpred,-0.0034270215518445346,0.3929383899997051,61.11235805047949,61.59650388918622,2
Y173L,position_holdout,raw_catpred,0.01911579253953799,-0.4926914274891924,64.36827276757606,61.59650388918622,3
E177A,position_holdout,raw_catpred,0.022675777884509328,-0.13686739385895272,64.89807887823665,61.59650388918622,3
E177C,position_holdout,raw_catpred,-0.029353567249053428,-1.1155992325225572,57.57083067325119,61.59650388918622,1
E177D,position_holdout,raw_catpred,-0.003870901280878991,-0.33060304587141914,61.0499287999082,61.59650388918622,2
E177K,position_holdout,raw_catpred,-0.01336248584948797,-0.06103509755739327,59.73014612464093,61.59650388918622,3
E177L,position_holdout,raw_catpred,-0.03226257068854105,-0.060631820090198484,57.18649674094212,61.59650388918622,1
E177Q,position_holdout,raw_catpred,-0.016651294143746893,-0.18781843943017584,59.279532355018645,61.59650388918622,1
E177T,position_holdout,raw_catpred,0.050127212184065746,-0.3575202704271242,69.13266124198333,61.59650388918622,2
E177W,position_holdout,raw_catpred,0.03191020654077119,-1.1229007435541032,66.29278579800689,61.59650388918622,2
N184D,position_holdout,raw_catpred,0.004573150466928169,-0.0117693342114472,62.2485462697868,61.59650388918622,2
E187A,position_holdout,raw_catpred,-0.001974445659270595,-0.04482207248544364,61.317101517334166,61.59650388918622,1
E187F,position_holdout,raw_catpred,-0.03062689436110112,-0.9702418534908811,57.402283426433144,61.59650388918622,1
E187T,position_holdout,raw_catpred,0.004399218027090581,-0.04010677550983751,62.22362107689207,61.59650388918622,1
E222A,position_holdout,raw_catpred,0.03417940712957218,0.14057456812301042,66.64007392835833,61.59650388918622,1
E222H,position_holdout,raw_catpred,-0.06836546608262294,-0.7376926089701076,52.62481680233644,61.59650388918622,1
E222K,position_holdout,raw_catpred,-0.0034569616449186976,-0.8373174569235613,61.108145133447465,61.59650388918622,1
E222Q,position_holdout,raw_catpred,-0.08105057968370762,-0.2733771330884491,51.10995321110348,61.59650388918622,1
E222R,position_holdout,raw_catpred,-0.06006178703958492,-0.7818952026150763,53.64068015810458,61.59650388918622,1
E222Y,position_holdout,raw_catpred,-0.03788249865619663,-2.158119838399643,56.4512501892088,61.59650388918622,1
D233I,position_holdout,raw_catpred,0.021522322573985956,-0.8261753108396828,64.72594287995788,61.59650388918622,1
A236C,position_holdout,raw_catpred,-0.024874852527676523,-0.3449232407899242,58.16760875838943,61.59650388918622,2
A236S,position_holdout,raw_catpred,-0.023287429159472142,-3.8521811572691154,58.38061072924395,61.59650388918622,1
A236V,position_holdout,raw_catpred,-0.02367787953959459,-1.8163636490331108,58.32814750688406,61.59650388918622,2
D241H,position_holdout,raw_catpred,-0.006507812162268499,-1.1759498219102484,60.68037428328216,61.59650388918622,1
D241R,position_holdout,raw_catpred,-0.0024729878191500606,-1.739905079019127,61.246753809737,61.59650388918622,1
F248N,position_holdout,raw_catpred,-0.025978873656694403,-1.967834032761556,58.019928517966825,61.59650388918622,1
F253H,position_holdout,raw_catpred,-0.018430228944502577,-0.6368140091606395,59.03721120300341,61.59650388918622,1
F253I,position_holdout,raw_catpred,-0.04573408018343891,0.09621260437707368,55.43984187034005,61.59650388918622,3
F253M,position_holdout,raw_catpred,0.005502970870976614,0.09739866751347216,62.381962592892584,61.59650388918622,2
F253Y,position_holdout,raw_catpred,-0.0070942362491610445,-0.22027919629739862,60.59849339209737,61.59650388918622,2
Y265F,position_holdout,raw_catpred,-0.01927575761375633,-2.4188514103545233,58.92238337110847,61.59650388918622,1
Q276K,position_holdout,raw_catpred,0.003137930521022927,-0.3054061307592619,62.04317203834733,61.59650388918622,1
T303K,position_holdout,raw_catpred,0.0028000730017221573,0.06715156890258944,61.99492458960203,61.59650388918622,2
M323A,position_holdout,raw_catpred,-0.02400937652377643,-0.36325373811907,58.283642618518506,61.59650388918622,1
M323C,position_holdout,raw_catpred,-0.031201969974992784,-0.7903461970073843,57.3263238904587,61.59650388918622,1
M323D,position_holdout,raw_catpred,-0.05950464254232814,-1.8056145981168594,53.70953847645893,61.59650388918622,1
M323I,position_holdout,raw_catpred,-0.033789463843654215,0.00396830104377869,56.98579339792285,61.59650388918622,2
M323S,position_holdout,raw_catpred,-0.016837889649506846,-0.09090863610981714,59.254068254348894,61.59650388918622,2
F343E,position_holdout,raw_catpred,-0.005545852658860412,-2.0155737611677127,60.81492988962178,61.59650388918622,2
I351V,position_holdout,raw_catpred,-0.008077586047228984,-0.21820248778812953,60.4614386816882,61.59650388918622,1
T352A,position_holdout,raw_catpred,0.007240603280132241,-1.0007632358092327,62.6320557083497,61.59650388918622,3
T352G,position_holdout,raw_catpred,0.018587734598136015,-1.287777191101419,64.29005505333588,61.59650388918622,1
T352L,position_holdout,raw_catpred,-0.022253750377148492,-2.2805238897105884,58.519729863502725,61.59650388918622,1
T352P,position_holdout,raw_catpred,0.02096743183223205,-0.06955178372065932,64.64329644258257,61.59650388918622,1
T352S,position_holdout,raw_catpred,0.014238585257169431,-0.7558454893358816,63.649448986768704,61.59650388918622,2
T352V,position_holdout,raw_catpred,-0.022996292621982994,-0.5339331396192746,58.419760264561674,61.59650388918622,3
L362M,position_holdout,raw_catpred,0.006480769006700139,0.23276188958382113,62.52257152773344,61.59650388918622,1
G365N,position_holdout,raw_catpred,-0.013705925347730711,0.12639551054127576,59.6829302761621,61.59650388918622,1
Q392N,position_holdout,raw_catpred,-0.002728085242041672,-0.058461060182917156,61.210789039289814,61.59650388918622,1
S400A,position_holdout,raw_catpred,-0.008768917064434702,0.2037758578628913,60.365269795001154,61.59650388918622,1
S400G,position_holdout,raw_catpred,0.04644206481075837,-1.2087333554715023,68.5485271502459,61.59650388918622,1
E406D,position_holdout,raw_catpred,0.013771625450656104,-1.9230092705637702,63.58104894319474,61.59650388918622,4
E406H,position_holdout,raw_catpred,-0.0010568012879435369,-1.5579423605431764,61.446798721464035,61.59650388918622,1
E406Q,position_holdout,raw_catpred,-0.030758130043479704,-2.589542088230327,57.384940148856145,61.59650388918622,5
E406T,position_holdout,raw_catpred,-0.07843885197265442,-2.6354273823362773,51.41824047789597,61.59650388918622,2
K413A,position_holdout,raw_catpred,-0.03803268015488407,-0.20566443172344864,56.43173240111892,61.59650388918622,1
K413Q,position_holdout,raw_catpred,-0.04293298805385447,0.009196602033309022,55.79857076856571,61.59650388918622,1
K413R,position_holdout,raw_catpred,-0.05076444816278579,-0.034270827730138266,54.80139513454411,61.59650388918622,1
R414K,position_holdout,raw_catpred,-0.003085737409757165,-1.6001497518535115,61.16040120245778,61.59650388918622,1
I417H,position_holdout,raw_catpred,0.04035473310269934,-1.5923379550665064,67.59441226003045,61.59650388918622,1
