record_id,mutation_id,context_key,context_status,baseline_type,delta_log10_eff,phase1_downweight_reason_codes
demo01,A10V,group01,PRESENT,reference_wt,-1.1,
demo02,A10V,group02,PRESENT,reference_wt,-1.0,
demo03,A10V,group03,PRESENT,reference_wt,-1.0,
demo04,A10V,group04,PRESENT,reference_wt,-0.9,
demo05,G20S,group01,PRESENT,reference_wt,0.2,
demo06,G20S,group02,PRESENT,reference_wt,0.3,
demo07,G20S,group03,PRESENT,reference_wt,0.3,
demo08,G20S,group04,PRESENT,reference_wt,0.4,
demo09,L30A,group01,PRESENT,reference_wt,-0.4,
demo10,L30A,group02,PRESENT,reference_wt,-0.2,
demo11,L30A,group03,PRESENT,reference_wt,0.2,
demo12,L30A,group04,PRESENT,reference_wt,0.4,
demo13,S40A,group01,PRESENT,reference_wt,-0.1,
demo14,S40A,group02,PRESENT,reference_wt,0.0,
demo15,S40A,group03,PRESENT,reference_wt,0.1,
